id,Año,Mes,Nmes,Fecha,Esfp,Porcion,MO
1,2019,1,12,2019-12-30,ESFP2,Ramas,92.73
2,2019,1,12,2019-12-30,ESFP2,Corteza,118.75
3,2019,1,12,2019-12-30,ESFP2,Acículas,8.75
4,2019,1,12,2019-12-30,ESFP2,Piñas,10.1
5,2019,1,12,2019-12-30,ESFP2,Flores,0.0
6,2019,1,12,2019-12-30,ESFP2,Heces,0.0
7,2019,1,12,2019-12-30,ESFP2,Otros,0.0
8,2019,1,12,2019-12-30,ESFP5,Ramas,0.0
9,2019,1,12,2019-12-30,ESFP5,Corteza,71.69
10,2019,1,12,2019-12-30,ESFP5,Acículas,74.0
11,2019,1,12,2019-12-30,ESFP5,Piñas,77.2
12,2019,1,12,2019-12-30,ESFP5,Flores,0.0
13,2019,1,12,2019-12-30,ESFP5,Heces,111.28
14,2019,1,12,2019-12-30,ESFP5,Otros,56.55
15,2019,1,12,2019-12-30,ESFP9,Ramas,0.0
16,2019,1,12,2019-12-30,ESFP9,Corteza,1.51
17,2019,1,12,2019-12-30,ESFP9,Acículas,0.0
18,2019,1,12,2019-12-30,ESFP9,Piñas,0.41
19,2019,1,12,2019-12-30,ESFP9,Flores,0.0
20,2019,1,12,2019-12-30,ESFP9,Heces,0.0
21,2019,1,12,2019-12-30,ESFP9,Otros,0.0
22,2019,1,12,2019-12-30,ESFP13,Ramas,33.73
23,2019,1,12,2019-12-30,ESFP13,Corteza,5.13
24,2019,1,12,2019-12-30,ESFP13,Acículas,0.0
25,2019,1,12,2019-12-30,ESFP13,Piñas,3.44
26,2019,1,12,2019-12-30,ESFP13,Flores,0.0
27,2019,1,12,2019-12-30,ESFP13,Heces,0.0
28,2019,1,12,2019-12-30,ESFP13,Otros,0.0
29,2019,1,12,2019-12-30,ESFP16,Ramas,12.52
30,2019,1,12,2019-12-30,ESFP16,Corteza,39.19
31,2019,1,12,2019-12-30,ESFP16,Acículas,12.26
32,2019,1,12,2019-12-30,ESFP16,Piñas,0.0
33,2019,1,12,2019-12-30,ESFP16,Flores,0.0
34,2019,1,12,2019-12-30,ESFP16,Heces,0.0
35,2019,1,12,2019-12-30,ESFP16,Otros,0.41
36,2020,2,1,2020-01-31,ESFP2,Ramas,0.0
37,2020,2,1,2020-01-31,ESFP2,Corteza,23.26
38,2020,2,1,2020-01-31,ESFP2,Acículas,5.35
39,2020,2,1,2020-01-31,ESFP2,Piñas,6.1
40,2020,2,1,2020-01-31,ESFP2,Flores,2.92
41,2020,2,1,2020-01-31,ESFP2,Heces,30.66
42,2020,2,1,2020-01-31,ESFP2,Otros,0.0
43,2020,2,1,2020-01-31,ESFP5,Ramas,55.99
44,2020,2,1,2020-01-31,ESFP5,Corteza,73.42
45,2020,2,1,2020-01-31,ESFP5,Acículas,366.25
46,2020,2,1,2020-01-31,ESFP5,Piñas,10.61
47,2020,2,1,2020-01-31,ESFP5,Flores,2.67
48,2020,2,1,2020-01-31,ESFP5,Heces,13.99
49,2020,2,1,2020-01-31,ESFP5,Otros,4.34
57,2020,2,1,2020-01-31,ESFP13,Ramas,4.78
58,2020,2,1,2020-01-31,ESFP13,Corteza,25.52
59,2020,2,1,2020-01-31,ESFP13,Acículas,4.16
60,2020,2,1,2020-01-31,ESFP13,Piñas,0.0
61,2020,2,1,2020-01-31,ESFP13,Flores,0.71
62,2020,2,1,2020-01-31,ESFP13,Heces,0.51
63,2020,2,1,2020-01-31,ESFP13,Otros,0.0
64,2020,2,1,2020-01-31,ESFP16,Ramas,0.0
65,2020,2,1,2020-01-31,ESFP16,Corteza,17.05
66,2020,2,1,2020-01-31,ESFP16,Acículas,2.05
67,2020,2,1,2020-01-31,ESFP16,Piñas,0.0
68,2020,2,1,2020-01-31,ESFP16,Flores,0.0
69,2020,2,1,2020-01-31,ESFP16,Heces,0.15
70,2020,2,1,2020-01-31,ESFP16,Otros,0.35
71,2020,3,2,2020-02-27,ESFP2,Ramas,1.05
72,2020,3,2,2020-02-27,ESFP2,Corteza,20.47
73,2020,3,2,2020-02-27,ESFP2,Acículas,7.01
74,2020,3,2,2020-02-27,ESFP2,Piñas,0.28
75,2020,3,2,2020-02-27,ESFP2,Flores,47.33
76,2020,3,2,2020-02-27,ESFP2,Heces,115.45
77,2020,3,2,2020-02-27,ESFP2,Otros,0.0
78,2020,3,2,2020-02-27,ESFP5,Ramas,0.0
79,2020,3,2,2020-02-27,ESFP5,Corteza,15.13
80,2020,3,2,2020-02-27,ESFP5,Acículas,367.32
81,2020,3,2,2020-02-27,ESFP5,Piñas,12.29
82,2020,3,2,2020-02-27,ESFP5,Flores,0.71
83,2020,3,2,2020-02-27,ESFP5,Heces,9.48
84,2020,3,2,2020-02-27,ESFP5,Otros,0.0
85,2020,3,2,2020-02-27,ESFP9,Ramas,0.0
86,2020,3,2,2020-02-27,ESFP9,Corteza,1.2
87,2020,3,2,2020-02-27,ESFP9,Acículas,0.0
88,2020,3,2,2020-02-27,ESFP9,Piñas,0.0
89,2020,3,2,2020-02-27,ESFP9,Flores,8.54
90,2020,3,2,2020-02-27,ESFP9,Heces,0.0
91,2020,3,2,2020-02-27,ESFP9,Otros,0.0
92,2020,3,2,2020-02-27,ESFP13,Ramas,0.0
93,2020,3,2,2020-02-27,ESFP13,Corteza,5.2
94,2020,3,2,2020-02-27,ESFP13,Acículas,0.0
95,2020,3,2,2020-02-27,ESFP13,Piñas,0.0
96,2020,3,2,2020-02-27,ESFP13,Flores,0.0
97,2020,3,2,2020-02-27,ESFP13,Heces,0.0
98,2020,3,2,2020-02-27,ESFP13,Otros,0.0
99,2020,3,2,2020-02-27,ESFP16,Ramas,1.36
100,2020,3,2,2020-02-27,ESFP16,Corteza,0.88
101,2020,3,2,2020-02-27,ESFP16,Acículas,0.73
102,2020,3,2,2020-02-27,ESFP16,Piñas,0.0
103,2020,3,2,2020-02-27,ESFP16,Flores,0.85
104,2020,3,2,2020-02-27,ESFP16,Heces,2.59
105,2020,3,2,2020-02-27,ESFP16,Otros,0.71
106,2020,4,3,2020-04-01,ESFP2,Ramas,0.0
107,2020,4,3,2020-04-01,ESFP2,Corteza,63.75
108,2020,4,3,2020-04-01,ESFP2,Acículas,9.7
109,2020,4,3,2020-04-01,ESFP2,Piñas,47.98
110,2020,4,3,2020-04-01,ESFP2,Flores,624.11
111,2020,4,3,2020-04-01,ESFP2,Heces,0.0
112,2020,4,3,2020-04-01,ESFP2,Otros,13.33
113,2020,4,3,2020-04-01,ESFP5,Ramas,0.0
114,2020,4,3,2020-04-01,ESFP5,Corteza,90.0
115,2020,4,3,2020-04-01,ESFP5,Acículas,565.89
116,2020,4,3,2020-04-01,ESFP5,Piñas,143.54
117,2020,4,3,2020-04-01,ESFP5,Flores,0.0
118,2020,4,3,2020-04-01,ESFP5,Heces,0.0
119,2020,4,3,2020-04-01,ESFP5,Otros,0.0
120,2020,4,3,2020-04-01,ESFP9,Ramas,0.0
121,2020,4,3,2020-04-01,ESFP9,Corteza,34.85
122,2020,4,3,2020-04-01,ESFP9,Acículas,0.18
123,2020,4,3,2020-04-01,ESFP9,Piñas,4.64
124,2020,4,3,2020-04-01,ESFP9,Flores,209.71
125,2020,4,3,2020-04-01,ESFP9,Heces,0.0
126,2020,4,3,2020-04-01,ESFP9,Otros,0.0
127,2020,4,3,2020-04-01,ESFP13,Ramas,0.0
128,2020,4,3,2020-04-01,ESFP13,Corteza,22.74
129,2020,4,3,2020-04-01,ESFP13,Acículas,4.93
130,2020,4,3,2020-04-01,ESFP13,Piñas,7.54
131,2020,4,3,2020-04-01,ESFP13,Flores,2.15
132,2020,4,3,2020-04-01,ESFP13,Heces,0.0
133,2020,4,3,2020-04-01,ESFP13,Otros,0.0
134,2020,4,3,2020-04-01,ESFP16,Ramas,2.02
135,2020,4,3,2020-04-01,ESFP16,Corteza,58.31
136,2020,4,3,2020-04-01,ESFP16,Acículas,1.99
137,2020,4,3,2020-04-01,ESFP16,Piñas,0.0
138,2020,4,3,2020-04-01,ESFP16,Flores,115.0
139,2020,4,3,2020-04-01,ESFP16,Heces,14.48
140,2020,4,3,2020-04-01,ESFP16,Otros,0.0
141,2020,5,4,2020-05-05,ESFP2,Ramas,6.94
142,2020,5,4,2020-05-05,ESFP2,Corteza,179.91
143,2020,5,4,2020-05-05,ESFP2,Acículas,9.87
144,2020,5,4,2020-05-05,ESFP2,Piñas,25.38
145,2020,5,4,2020-05-05,ESFP2,Flores,26.75
146,2020,5,4,2020-05-05,ESFP2,Heces,0.0
147,2020,5,4,2020-05-05,ESFP2,Otros,5.18
148,2020,5,4,2020-05-05,ESFP5,Ramas,0.0
149,2020,5,4,2020-05-05,ESFP5,Corteza,138.44
150,2020,5,4,2020-05-05,ESFP5,Acículas,108.49
151,2020,5,4,2020-05-05,ESFP5,Piñas,255.05
152,2020,5,4,2020-05-05,ESFP5,Flores,2.66
153,2020,5,4,2020-05-05,ESFP5,Heces,0.0
154,2020,5,4,2020-05-05,ESFP5,Otros,5.58
155,2020,5,4,2020-05-05,ESFP9,Ramas,0.0
156,2020,5,4,2020-05-05,ESFP9,Corteza,111.01
157,2020,5,4,2020-05-05,ESFP9,Acículas,2.25
158,2020,5,4,2020-05-05,ESFP9,Piñas,0.0
159,2020,5,4,2020-05-05,ESFP9,Flores,90.0
160,2020,5,4,2020-05-05,ESFP9,Heces,0.0
161,2020,5,4,2020-05-05,ESFP9,Otros,5.08
162,2020,5,4,2020-05-05,ESFP13,Ramas,0.0
163,2020,5,4,2020-05-05,ESFP13,Corteza,7.6
164,2020,5,4,2020-05-05,ESFP13,Acículas,0.0
165,2020,5,4,2020-05-05,ESFP13,Piñas,0.0
166,2020,5,4,2020-05-05,ESFP13,Flores,182.14
167,2020,5,4,2020-05-05,ESFP13,Heces,0.0
168,2020,5,4,2020-05-05,ESFP13,Otros,0.0
169,2020,5,4,2020-05-05,ESFP16,Ramas,8.57
170,2020,5,4,2020-05-05,ESFP16,Corteza,30.27
171,2020,5,4,2020-05-05,ESFP16,Acículas,0.95
172,2020,5,4,2020-05-05,ESFP16,Piñas,0.0
173,2020,5,4,2020-05-05,ESFP16,Flores,4.89
174,2020,5,4,2020-05-05,ESFP16,Heces,0.0
175,2020,5,4,2020-05-05,ESFP16,Otros,0.04
176,2020,6,5,2020-06-03,ESFP2,Ramas,7.82
177,2020,6,5,2020-06-03,ESFP2,Corteza,11.72
178,2020,6,5,2020-06-03,ESFP2,Acículas,7.96
179,2020,6,5,2020-06-03,ESFP2,Piñas,0.29
180,2020,6,5,2020-06-03,ESFP2,Flores,23.33
181,2020,6,5,2020-06-03,ESFP2,Heces,0.0
182,2020,6,5,2020-06-03,ESFP2,Otros,3.55
183,2020,6,5,2020-06-03,ESFP5,Ramas,0.0
184,2020,6,5,2020-06-03,ESFP5,Corteza,80.77
185,2020,6,5,2020-06-03,ESFP5,Acículas,77.34
186,2020,6,5,2020-06-03,ESFP5,Piñas,1.19
187,2020,6,5,2020-06-03,ESFP5,Flores,0.11
188,2020,6,5,2020-06-03,ESFP5,Heces,0.0
189,2020,6,5,2020-06-03,ESFP5,Otros,10.59
190,2020,6,5,2020-06-03,ESFP9,Ramas,0.0
191,2020,6,5,2020-06-03,ESFP9,Corteza,30.95
192,2020,6,5,2020-06-03,ESFP9,Acículas,6.0
193,2020,6,5,2020-06-03,ESFP9,Piñas,23.5
194,2020,6,5,2020-06-03,ESFP9,Flores,1.59
195,2020,6,5,2020-06-03,ESFP9,Heces,1.18
196,2020,6,5,2020-06-03,ESFP9,Otros,1.29
197,2020,6,5,2020-06-03,ESFP13,Ramas,0.0
198,2020,6,5,2020-06-03,ESFP13,Corteza,0.61
199,2020,6,5,2020-06-03,ESFP13,Acículas,3.53
200,2020,6,5,2020-06-03,ESFP13,Piñas,0.0
201,2020,6,5,2020-06-03,ESFP13,Flores,171.98
202,2020,6,5,2020-06-03,ESFP13,Heces,0.0
203,2020,6,5,2020-06-03,ESFP13,Otros,1.31
204,2020,6,5,2020-06-03,ESFP16,Ramas,0.0
205,2020,6,5,2020-06-03,ESFP16,Corteza,4.05
206,2020,6,5,2020-06-03,ESFP16,Acículas,0.47
207,2020,6,5,2020-06-03,ESFP16,Piñas,0.0
208,2020,6,5,2020-06-03,ESFP16,Flores,7.44
209,2020,6,5,2020-06-03,ESFP16,Heces,0.0
210,2020,6,5,2020-06-03,ESFP16,Otros,0.14
211,2020,6,5,2020-07-02,ESFP2,Ramas,0.0
212,2020,6,5,2020-07-02,ESFP2,Corteza,36.99
213,2020,6,5,2020-07-02,ESFP2,Acículas,301.52
214,2020,6,5,2020-07-02,ESFP2,Piñas,0.0
215,2020,6,5,2020-07-02,ESFP2,Flores,3.23
216,2020,6,5,2020-07-02,ESFP2,Heces,7.42
217,2020,6,5,2020-07-02,ESFP2,Otros,2.25
218,2020,6,5,2020-07-02,ESFP5,Ramas,27.64
219,2020,6,5,2020-07-02,ESFP5,Corteza,26.63
220,2020,6,5,2020-07-02,ESFP5,Acículas,117.52
221,2020,6,5,2020-07-02,ESFP5,Piñas,0.01
222,2020,6,5,2020-07-02,ESFP5,Flores,113.11
223,2020,6,5,2020-07-02,ESFP5,Heces,0.0
224,2020,6,5,2020-07-02,ESFP5,Otros,1.14
225,2020,6,5,2020-07-02,ESFP9,Ramas,0.0
226,2020,6,5,2020-07-02,ESFP9,Corteza,16.93
227,2020,6,5,2020-07-02,ESFP9,Acículas,87.35
228,2020,6,5,2020-07-02,ESFP9,Piñas,6.2
229,2020,6,5,2020-07-02,ESFP9,Flores,1.87
230,2020,6,5,2020-07-02,ESFP9,Heces,2.35
231,2020,6,5,2020-07-02,ESFP9,Otros,0.12
232,2020,6,5,2020-07-02,ESFP13,Ramas,2.46
233,2020,6,5,2020-07-02,ESFP13,Corteza,18.23
234,2020,6,5,2020-07-02,ESFP13,Acículas,26.11
235,2020,6,5,2020-07-02,ESFP13,Piñas,0.01
236,2020,6,5,2020-07-02,ESFP13,Flores,23.35
237,2020,6,5,2020-07-02,ESFP13,Heces,0.0
238,2020,6,5,2020-07-02,ESFP13,Otros,0.0
239,2020,6,5,2020-07-02,ESFP16,Ramas,0.0
240,2020,6,5,2020-07-02,ESFP16,Corteza,33.52
241,2020,6,5,2020-07-02,ESFP16,Acículas,40.19
242,2020,6,5,2020-07-02,ESFP16,Piñas,0.0
243,2020,6,5,2020-07-02,ESFP16,Flores,1.67
244,2020,6,5,2020-07-02,ESFP16,Heces,0.0
245,2020,6,5,2020-07-02,ESFP16,Otros,1.33
246,2020,8,7,2020-08-04,ESFP2,Ramas,0.82
247,2020,8,7,2020-08-04,ESFP2,Corteza,18.72
248,2020,8,7,2020-08-04,ESFP2,Acículas,1347.67
249,2020,8,7,2020-08-04,ESFP2,Piñas,0.91
250,2020,8,7,2020-08-04,ESFP2,Flores,0.48
251,2020,8,7,2020-08-04,ESFP2,Heces,0.0
252,2020,8,7,2020-08-04,ESFP2,Otros,2.37
253,2020,8,7,2020-08-04,ESFP5,Ramas,0.0
254,2020,8,7,2020-08-04,ESFP5,Corteza,16.45
255,2020,8,7,2020-08-04,ESFP5,Acículas,522.54
256,2020,8,7,2020-08-04,ESFP5,Piñas,293.24
257,2020,8,7,2020-08-04,ESFP5,Flores,569.33
258,2020,8,7,2020-08-04,ESFP5,Heces,0.0
259,2020,8,7,2020-08-04,ESFP5,Otros,6.98
260,2020,8,7,2020-08-04,ESFP9,Ramas,1.8
261,2020,8,7,2020-08-04,ESFP9,Corteza,16.73
262,2020,8,7,2020-08-04,ESFP9,Acículas,573.95
263,2020,8,7,2020-08-04,ESFP9,Piñas,0.62
264,2020,8,7,2020-08-04,ESFP9,Flores,1.89
265,2020,8,7,2020-08-04,ESFP9,Heces,0.21
266,2020,8,7,2020-08-04,ESFP9,Otros,2.49
267,2020,8,7,2020-08-04,ESFP13,Ramas,1.24
268,2020,8,7,2020-08-04,ESFP13,Corteza,26.51
269,2020,8,7,2020-08-04,ESFP13,Acículas,897.52
270,2020,8,7,2020-08-04,ESFP13,Piñas,9.45
271,2020,8,7,2020-08-04,ESFP13,Flores,5.56
272,2020,8,7,2020-08-04,ESFP13,Heces,2.06
273,2020,8,7,2020-08-04,ESFP13,Otros,1.36
274,2020,8,7,2020-08-04,ESFP16,Ramas,1.79
275,2020,8,7,2020-08-04,ESFP16,Corteza,6.58
276,2020,8,7,2020-08-04,ESFP16,Acículas,568.65
277,2020,8,7,2020-08-04,ESFP16,Piñas,0.35
278,2020,8,7,2020-08-04,ESFP16,Flores,0.86
279,2020,8,7,2020-08-04,ESFP16,Heces,0.0
280,2020,8,7,2020-08-04,ESFP16,Otros,0.03
281,2020,9,8,2020-09-07,ESFP2,Ramas,5.46
282,2020,9,8,2020-09-07,ESFP2,Corteza,67.11
283,2020,9,8,2020-09-07,ESFP2,Acículas,302.04
284,2020,9,8,2020-09-07,ESFP2,Piñas,2.55
285,2020,9,8,2020-09-07,ESFP2,Flores,5.1
286,2020,9,8,2020-09-07,ESFP2,Heces,0.0
287,2020,9,8,2020-09-07,ESFP2,Otros,15.91
288,2020,9,8,2020-09-07,ESFP5,Ramas,0.0
289,2020,9,8,2020-09-07,ESFP5,Corteza,9.15
290,2020,9,8,2020-09-07,ESFP5,Acículas,652.13
291,2020,9,8,2020-09-07,ESFP5,Piñas,0.35
292,2020,9,8,2020-09-07,ESFP5,Flores,59.65
293,2020,9,8,2020-09-07,ESFP5,Heces,0.0
294,2020,9,8,2020-09-07,ESFP5,Otros,0.64
295,2020,9,8,2020-09-07,ESFP9,Ramas,0.0
296,2020,9,8,2020-09-07,ESFP9,Corteza,2.88
297,2020,9,8,2020-09-07,ESFP9,Acículas,461.15
298,2020,9,8,2020-09-07,ESFP9,Piñas,0.6
299,2020,9,8,2020-09-07,ESFP9,Flores,0.0
300,2020,9,8,2020-09-07,ESFP9,Heces,0.0
301,2020,9,8,2020-09-07,ESFP9,Otros,0.05
302,2020,9,8,2020-09-07,ESFP13,Ramas,33.85
303,2020,9,8,2020-09-07,ESFP13,Corteza,13.24
304,2020,9,8,2020-09-07,ESFP13,Acículas,380.44
305,2020,9,8,2020-09-07,ESFP13,Piñas,6.78
306,2020,9,8,2020-09-07,ESFP13,Flores,1.59
307,2020,9,8,2020-09-07,ESFP13,Heces,0.0
308,2020,9,8,2020-09-07,ESFP13,Otros,0.35
309,2020,9,8,2020-09-07,ESFP16,Ramas,24.61
310,2020,9,8,2020-09-07,ESFP16,Corteza,16.33
311,2020,9,8,2020-09-07,ESFP16,Acículas,36.45
312,2020,9,8,2020-09-07,ESFP16,Piñas,0.0
313,2020,9,8,2020-09-07,ESFP16,Flores,0.39
314,2020,9,8,2020-09-07,ESFP16,Heces,0.0
315,2020,9,8,2020-09-07,ESFP16,Otros,0.41
316,2020,10,9,2020-10-09,ESFP2,Ramas,21.4
317,2020,10,9,2020-10-09,ESFP2,Corteza,38.01
318,2020,10,9,2020-10-09,ESFP2,Acículas,70.88
319,2020,10,9,2020-10-09,ESFP2,Piñas,3.91
320,2020,10,9,2020-10-09,ESFP2,Flores,2.65
321,2020,10,9,2020-10-09,ESFP2,Heces,0.0
322,2020,10,9,2020-10-09,ESFP2,Otros,0.64
323,2020,10,9,2020-10-09,ESFP5,Ramas,0.0
324,2020,10,9,2020-10-09,ESFP5,Corteza,0.69
325,2020,10,9,2020-10-09,ESFP5,Acículas,2.86
326,2020,10,9,2020-10-09,ESFP5,Piñas,0.0
327,2020,10,9,2020-10-09,ESFP5,Flores,1.5
328,2020,10,9,2020-10-09,ESFP5,Heces,0.0
329,2020,10,9,2020-10-09,ESFP5,Otros,0.0
330,2020,10,9,2020-10-09,ESFP9,Ramas,0.0
331,2020,10,9,2020-10-09,ESFP9,Corteza,13.9
332,2020,10,9,2020-10-09,ESFP9,Acículas,7.24
333,2020,10,9,2020-10-09,ESFP9,Piñas,3.3
334,2020,10,9,2020-10-09,ESFP9,Flores,0.49
335,2020,10,9,2020-10-09,ESFP9,Heces,0.0
336,2020,10,9,2020-10-09,ESFP9,Otros,0.0
337,2020,10,9,2020-10-09,ESFP13,Ramas,0.0
338,2020,10,9,2020-10-09,ESFP13,Corteza,47.22
339,2020,10,9,2020-10-09,ESFP13,Acículas,122.28
340,2020,10,9,2020-10-09,ESFP13,Piñas,3.03
341,2020,10,9,2020-10-09,ESFP13,Flores,1.0
342,2020,10,9,2020-10-09,ESFP13,Heces,0.0
343,2020,10,9,2020-10-09,ESFP13,Otros,0.0
344,2020,10,9,2020-10-09,ESFP16,Ramas,221.29
345,2020,10,9,2020-10-09,ESFP16,Corteza,40.54
346,2020,10,9,2020-10-09,ESFP16,Acículas,42.73
347,2020,10,9,2020-10-09,ESFP16,Piñas,0.0
348,2020,10,9,2020-10-09,ESFP16,Flores,0.69
349,2020,10,9,2020-10-09,ESFP16,Heces,0.0
350,2020,10,9,2020-10-09,ESFP16,Otros,0.52
351,2020,11,10,2020-11-09,ESFP2,Ramas,18.11
352,2020,11,10,2020-11-09,ESFP2,Corteza,4.21
353,2020,11,10,2020-11-09,ESFP2,Acículas,12.21
354,2020,11,10,2020-11-09,ESFP2,Piñas,1.52
355,2020,11,10,2020-11-09,ESFP2,Flores,2.54
356,2020,11,10,2020-11-09,ESFP2,Heces,1.5
357,2020,11,10,2020-11-09,ESFP2,Otros,0.7
358,2020,11,10,2020-11-09,ESFP5,Ramas,0.0
359,2020,11,10,2020-11-09,ESFP5,Corteza,6.05
360,2020,11,10,2020-11-09,ESFP5,Acículas,44.85
361,2020,11,10,2020-11-09,ESFP5,Piñas,0.0
362,2020,11,10,2020-11-09,ESFP5,Flores,40.86
363,2020,11,10,2020-11-09,ESFP5,Heces,2.07
364,2020,11,10,2020-11-09,ESFP5,Otros,5.09
365,2020,11,10,2020-11-09,ESFP9,Ramas,0.0
366,2020,11,10,2020-11-09,ESFP9,Corteza,0.0
367,2020,11,10,2020-11-09,ESFP9,Acículas,2.89
368,2020,11,10,2020-11-09,ESFP9,Piñas,0.0
369,2020,11,10,2020-11-09,ESFP9,Flores,0.0
370,2020,11,10,2020-11-09,ESFP9,Heces,0.0
371,2020,11,10,2020-11-09,ESFP9,Otros,0.36
372,2020,11,10,2020-11-09,ESFP13,Ramas,0.0
373,2020,11,10,2020-11-09,ESFP13,Corteza,66.7
374,2020,11,10,2020-11-09,ESFP13,Acículas,2.3
375,2020,11,10,2020-11-09,ESFP13,Piñas,9.13
376,2020,11,10,2020-11-09,ESFP13,Flores,0.0
377,2020,11,10,2020-11-09,ESFP13,Heces,0.0
378,2020,11,10,2020-11-09,ESFP13,Otros,0.0
379,2020,11,10,2020-11-09,ESFP16,Ramas,5.14
380,2020,11,10,2020-11-09,ESFP16,Corteza,0.0
381,2020,11,10,2020-11-09,ESFP16,Acículas,8.04
382,2020,11,10,2020-11-09,ESFP16,Piñas,0.0
383,2020,11,10,2020-11-09,ESFP16,Flores,0.59
384,2020,11,10,2020-11-09,ESFP16,Heces,0.0
385,2020,11,10,2020-11-09,ESFP16,Otros,0.0
386,2020,12,11,2020-12-09,ESFP2,Ramas,1.39
387,2020,12,11,2020-12-09,ESFP2,Corteza,6.46
388,2020,12,11,2020-12-09,ESFP2,Acículas,6.22
389,2020,12,11,2020-12-09,ESFP2,Piñas,0.14
390,2020,12,11,2020-12-09,ESFP2,Flores,2.19
391,2020,12,11,2020-12-09,ESFP2,Heces,2.85
392,2020,12,11,2020-12-09,ESFP2,Otros,0.0
400,2020,12,11,2020-12-09,ESFP9,Ramas,0.0
401,2020,12,11,2020-12-09,ESFP9,Corteza,53.97
402,2020,12,11,2020-12-09,ESFP9,Acículas,10.75
403,2020,12,11,2020-12-09,ESFP9,Piñas,37.42
404,2020,12,11,2020-12-09,ESFP9,Flores,3.2
405,2020,12,11,2020-12-09,ESFP9,Heces,0.0
406,2020,12,11,2020-12-09,ESFP9,Otros,45.32
407,2020,12,11,2020-12-09,ESFP13,Ramas,0.0
408,2020,12,11,2020-12-09,ESFP13,Corteza,300.27
409,2020,12,11,2020-12-09,ESFP13,Acículas,51.53
410,2020,12,11,2020-12-09,ESFP13,Piñas,6.51
411,2020,12,11,2020-12-09,ESFP13,Flores,0.0
412,2020,12,11,2020-12-09,ESFP13,Heces,0.53
413,2020,12,11,2020-12-09,ESFP13,Otros,1.43
414,2020,12,11,2020-12-09,ESFP16,Ramas,3.24
415,2020,12,11,2020-12-09,ESFP16,Corteza,17.67
416,2020,12,11,2020-12-09,ESFP16,Acículas,14.94
417,2020,12,11,2020-12-09,ESFP16,Piñas,0.0
418,2020,12,11,2020-12-09,ESFP16,Flores,0.25
419,2020,12,11,2020-12-09,ESFP16,Heces,0.0
420,2020,12,11,2020-12-09,ESFP16,Otros,1.45
596,2021,18,5,2021-06-01,ESFP2,Ramas,15.36
597,2021,18,5,2021-06-01,ESFP2,Corteza,0.0
598,2021,18,5,2021-06-01,ESFP2,Acículas,237.45
599,2021,18,5,2021-06-01,ESFP2,Piñas,12.0
600,2021,18,5,2021-06-01,ESFP2,Flores,44.45
601,2021,18,5,2021-06-01,ESFP2,Heces,0.0
602,2021,18,5,2021-06-01,ESFP2,Otros,0.0
603,2021,18,5,2021-06-01,ESFP5,Ramas,0.0
604,2021,18,5,2021-06-01,ESFP5,Corteza,30.45
605,2021,18,5,2021-06-01,ESFP5,Acículas,31.55
606,2021,18,5,2021-06-01,ESFP5,Piñas,0.0
607,2021,18,5,2021-06-01,ESFP5,Flores,28.09
608,2021,18,5,2021-06-01,ESFP5,Heces,17.09
609,2021,18,5,2021-06-01,ESFP5,Otros,26.36
610,2021,18,5,2021-06-01,ESFP9,Ramas,0.0
611,2021,18,5,2021-06-01,ESFP9,Corteza,28.64
612,2021,18,5,2021-06-01,ESFP9,Acículas,107.09
613,2021,18,5,2021-06-01,ESFP9,Piñas,9.82
614,2021,18,5,2021-06-01,ESFP9,Flores,54.27
615,2021,18,5,2021-06-01,ESFP9,Heces,0.0
616,2021,18,5,2021-06-01,ESFP9,Otros,0.55
617,2021,18,5,2021-06-01,ESFP13,Ramas,0.0
618,2021,18,5,2021-06-01,ESFP13,Corteza,36.09
619,2021,18,5,2021-06-01,ESFP13,Acículas,306.55
620,2021,18,5,2021-06-01,ESFP13,Piñas,9.55
621,2021,18,5,2021-06-01,ESFP13,Flores,57.27
622,2021,18,5,2021-06-01,ESFP13,Heces,0.0
623,2021,18,5,2021-06-01,ESFP13,Otros,0.0
624,2021,18,5,2021-06-01,ESFP16,Ramas,0.0
625,2021,18,5,2021-06-01,ESFP16,Corteza,160.82
626,2021,18,5,2021-06-01,ESFP16,Acículas,143.64
627,2021,18,5,2021-06-01,ESFP16,Piñas,0.0
628,2021,18,5,2021-06-01,ESFP16,Flores,12.09
629,2021,18,5,2021-06-01,ESFP16,Heces,0.0
630,2021,18,5,2021-06-01,ESFP16,Otros,5.82
806,2021,23,11,2021-12-01,ESFP2,Ramas,25.09
807,2021,23,11,2021-12-01,ESFP2,Corteza,89.91
808,2021,23,11,2021-12-01,ESFP2,Acículas,32.18
809,2021,23,11,2021-12-01,ESFP2,Piñas,14.09
810,2021,23,11,2021-12-01,ESFP2,Flores,5.64
811,2021,23,11,2021-12-01,ESFP2,Heces,0.0
812,2021,23,11,2021-12-01,ESFP2,Otros,1.82
813,2021,23,11,2021-12-01,ESFP5,Ramas,77.09
814,2021,23,11,2021-12-01,ESFP5,Corteza,191.36
815,2021,23,11,2021-12-01,ESFP5,Acículas,338.27
816,2021,23,11,2021-12-01,ESFP5,Piñas,258.27
817,2021,23,11,2021-12-01,ESFP5,Flores,70.18
818,2021,23,11,2021-12-01,ESFP5,Heces,0.0
819,2021,23,11,2021-12-01,ESFP5,Otros,112.36
820,2021,23,11,2021-12-01,ESFP9,Ramas,0.45
821,2021,23,11,2021-12-01,ESFP9,Corteza,112.0
822,2021,23,11,2021-12-01,ESFP9,Acículas,29.55
823,2021,23,11,2021-12-01,ESFP9,Piñas,50.82
824,2021,23,11,2021-12-01,ESFP9,Flores,23.91
825,2021,23,11,2021-12-01,ESFP9,Heces,1.64
826,2021,23,11,2021-12-01,ESFP9,Otros,0.55
827,2021,23,11,2021-12-01,ESFP13,Ramas,0.0
828,2021,23,11,2021-12-01,ESFP13,Corteza,43.73
829,2021,23,11,2021-12-01,ESFP13,Acículas,54.27
830,2021,23,11,2021-12-01,ESFP13,Piñas,1.0
831,2021,23,11,2021-12-01,ESFP13,Flores,0.36
832,2021,23,11,2021-12-01,ESFP13,Heces,0.18
833,2021,23,11,2021-12-01,ESFP13,Otros,0.0
834,2021,23,11,2021-12-01,ESFP16,Ramas,0.0
835,2021,23,11,2021-12-01,ESFP16,Corteza,2.27
836,2021,23,11,2021-12-01,ESFP16,Acículas,0.0
837,2021,23,11,2021-12-01,ESFP16,Piñas,0.0
838,2021,23,11,2021-12-01,ESFP16,Flores,0.36
839,2021,23,11,2021-12-01,ESFP16,Heces,0.0
840,2021,23,11,2021-12-01,ESFP16,Otros,0.36
841,2021,24,12,2022-01-19,ESFP2,Ramas,0.0
842,2021,24,12,2022-01-19,ESFP2,Corteza,12.64
843,2021,24,12,2022-01-19,ESFP2,Acículas,2.91
844,2021,24,12,2022-01-19,ESFP2,Piñas,27.36
845,2021,24,12,2022-01-19,ESFP2,Flores,2.73
846,2021,24,12,2022-01-19,ESFP2,Heces,25.91
847,2021,24,12,2022-01-19,ESFP2,Otros,7.82
848,2021,24,12,2022-01-19,ESFP5,Ramas,0.0
849,2021,24,12,2022-01-19,ESFP5,Corteza,0.0
850,2021,24,12,2022-01-19,ESFP5,Acículas,0.09
851,2021,24,12,2022-01-19,ESFP5,Piñas,0.0
852,2021,24,12,2022-01-19,ESFP5,Flores,0.18
853,2021,24,12,2022-01-19,ESFP5,Heces,0.0
854,2021,24,12,2022-01-19,ESFP5,Otros,0.0
855,2021,24,12,2022-01-19,ESFP9,Ramas,0.0
856,2021,24,12,2022-01-19,ESFP9,Corteza,0.64
857,2021,24,12,2022-01-19,ESFP9,Acículas,0.0
858,2021,24,12,2022-01-19,ESFP9,Piñas,0.0
859,2021,24,12,2022-01-19,ESFP9,Flores,0.27
860,2021,24,12,2022-01-19,ESFP9,Heces,0.0
861,2021,24,12,2022-01-19,ESFP9,Otros,0.0
862,2021,24,12,2022-01-19,ESFP13,Ramas,0.0
863,2021,24,12,2022-01-19,ESFP13,Corteza,1.45
864,2021,24,12,2022-01-19,ESFP13,Acículas,0.0
865,2021,24,12,2022-01-19,ESFP13,Piñas,0.0
866,2021,24,12,2022-01-19,ESFP13,Flores,0.0
867,2021,24,12,2022-01-19,ESFP13,Heces,0.0
868,2021,24,12,2022-01-19,ESFP13,Otros,0.0
869,2021,24,12,2022-01-19,ESFP16,Ramas,0.27
870,2021,24,12,2022-01-19,ESFP16,Corteza,6.36
871,2021,24,12,2022-01-19,ESFP16,Acículas,11.0
872,2021,24,12,2022-01-19,ESFP16,Piñas,0.64
873,2021,24,12,2022-01-19,ESFP16,Flores,1.45
874,2021,24,12,2022-01-19,ESFP16,Heces,91.36
875,2021,24,12,2022-01-19,ESFP16,Otros,0.0
876,2022,25,1,2022-02-11,ESFP2,Ramas,0.27
877,2022,25,1,2022-02-11,ESFP2,Corteza,6.36
878,2022,25,1,2022-02-11,ESFP2,Acículas,11.0
879,2022,25,1,2022-02-11,ESFP2,Piñas,0.64
880,2022,25,1,2022-02-11,ESFP2,Flores,1.45
881,2022,25,1,2022-02-11,ESFP2,Heces,91.36
882,2022,25,1,2022-02-11,ESFP2,Otros,0.0
890,2022,25,1,2022-02-11,ESFP9,Ramas,0.0
891,2022,25,1,2022-02-11,ESFP9,Corteza,1.64
892,2022,25,1,2022-02-11,ESFP9,Acículas,0.0
893,2022,25,1,2022-02-11,ESFP9,Piñas,0.0
894,2022,25,1,2022-02-11,ESFP9,Flores,0.0
895,2022,25,1,2022-02-11,ESFP9,Heces,0.0
896,2022,25,1,2022-02-11,ESFP9,Otros,0.0
897,2022,25,1,2022-02-11,ESFP13,Ramas,0.0
898,2022,25,1,2022-02-11,ESFP13,Corteza,3.09
899,2022,25,1,2022-02-11,ESFP13,Acículas,8.45
900,2022,25,1,2022-02-11,ESFP13,Piñas,0.0
901,2022,25,1,2022-02-11,ESFP13,Flores,0.0
902,2022,25,1,2022-02-11,ESFP13,Heces,0.0
903,2022,25,1,2022-02-11,ESFP13,Otros,0.0
904,2022,25,1,2022-02-11,ESFP16,Ramas,0.55
905,2022,25,1,2022-02-11,ESFP16,Corteza,0.0
906,2022,25,1,2022-02-11,ESFP16,Acículas,5.91
907,2022,25,1,2022-02-11,ESFP16,Piñas,0.0
908,2022,25,1,2022-02-11,ESFP16,Flores,0.0
909,2022,25,1,2022-02-11,ESFP16,Heces,0.0
910,2022,25,1,2022-02-11,ESFP16,Otros,0.0
911,2022,26,2,2022-03-18,ESFP2,Ramas,203.55
912,2022,26,2,2022-03-18,ESFP2,Corteza,50.27
913,2022,26,2,2022-03-18,ESFP2,Acículas,240.0
914,2022,26,2,2022-03-18,ESFP2,Piñas,13.45
915,2022,26,2,2022-03-18,ESFP2,Flores,120.73
916,2022,26,2,2022-03-18,ESFP2,Heces,0.0
917,2022,26,2,2022-03-18,ESFP2,Otros,0.27
918,2022,26,2,2022-03-18,ESFP5,Ramas,0.0
919,2022,26,2,2022-03-18,ESFP5,Corteza,57.18
920,2022,26,2,2022-03-18,ESFP5,Acículas,17.18
921,2022,26,2,2022-03-18,ESFP5,Piñas,2.55
922,2022,26,2,2022-03-18,ESFP5,Flores,7.45
923,2022,26,2,2022-03-18,ESFP5,Heces,0.0
924,2022,26,2,2022-03-18,ESFP5,Otros,0.0
925,2022,26,2,2022-03-18,ESFP9,Ramas,0.0
926,2022,26,2,2022-03-18,ESFP9,Corteza,7.55
927,2022,26,2,2022-03-18,ESFP9,Acículas,5.18
928,2022,26,2,2022-03-18,ESFP9,Piñas,4.0
929,2022,26,2,2022-03-18,ESFP9,Flores,1.0
930,2022,26,2,2022-03-18,ESFP9,Heces,0.0
931,2022,26,2,2022-03-18,ESFP9,Otros,0.0
932,2022,26,2,2022-03-18,ESFP13,Ramas,0.0
933,2022,26,2,2022-03-18,ESFP13,Corteza,187.0
934,2022,26,2,2022-03-18,ESFP13,Acículas,9.36
935,2022,26,2,2022-03-18,ESFP13,Piñas,0.0
936,2022,26,2,2022-03-18,ESFP13,Flores,0.0
937,2022,26,2,2022-03-18,ESFP13,Heces,0.0
938,2022,26,2,2022-03-18,ESFP13,Otros,24.45
939,2022,26,2,2022-03-18,ESFP16,Ramas,0.0
940,2022,26,2,2022-03-18,ESFP16,Corteza,153.55
941,2022,26,2,2022-03-18,ESFP16,Acículas,3.0
942,2022,26,2,2022-03-18,ESFP16,Piñas,0.0
943,2022,26,2,2022-03-18,ESFP16,Flores,0.09
944,2022,26,2,2022-03-18,ESFP16,Heces,0.0
945,2022,26,2,2022-03-18,ESFP16,Otros,0.82
953,2022,27,3,2022-04-21,ESFP5,Ramas,0.0
954,2022,27,3,2022-04-21,ESFP5,Corteza,21.73
955,2022,27,3,2022-04-21,ESFP5,Acículas,0.0
956,2022,27,3,2022-04-21,ESFP5,Piñas,0.0
957,2022,27,3,2022-04-21,ESFP5,Flores,0.73
958,2022,27,3,2022-04-21,ESFP5,Heces,0.0
959,2022,27,3,2022-04-21,ESFP5,Otros,0.27
960,2022,27,3,2022-04-21,ESFP9,Ramas,0.0
961,2022,27,3,2022-04-21,ESFP9,Corteza,11.82
962,2022,27,3,2022-04-21,ESFP9,Acículas,7.36
963,2022,27,3,2022-04-21,ESFP9,Piñas,0.0
964,2022,27,3,2022-04-21,ESFP9,Flores,12.91
965,2022,27,3,2022-04-21,ESFP9,Heces,0.0
966,2022,27,3,2022-04-21,ESFP9,Otros,0.0
967,2022,27,3,2022-04-21,ESFP13,Ramas,0.91
968,2022,27,3,2022-04-21,ESFP13,Corteza,121.64
969,2022,27,3,2022-04-21,ESFP13,Acículas,3.09
970,2022,27,3,2022-04-21,ESFP13,Piñas,0.0
971,2022,27,3,2022-04-21,ESFP13,Flores,0.09
972,2022,27,3,2022-04-21,ESFP13,Heces,0.0
973,2022,27,3,2022-04-21,ESFP13,Otros,0.0
974,2022,27,3,2022-04-21,ESFP16,Ramas,0.0
975,2022,27,3,2022-04-21,ESFP16,Corteza,37.09
976,2022,27,3,2022-04-21,ESFP16,Acículas,2.36
977,2022,27,3,2022-04-21,ESFP16,Piñas,0.09
978,2022,27,3,2022-04-21,ESFP16,Flores,19.55
979,2022,27,3,2022-04-21,ESFP16,Heces,0.45
980,2022,27,3,2022-04-21,ESFP16,Otros,0.09
981,2022,28,4,2022-05-17,ESFP2,Ramas,30.64
982,2022,28,4,2022-05-17,ESFP2,Corteza,68.45
983,2022,28,4,2022-05-17,ESFP2,Acículas,2.64
984,2022,28,4,2022-05-17,ESFP2,Piñas,0.0
985,2022,28,4,2022-05-17,ESFP2,Flores,7.09
986,2022,28,4,2022-05-17,ESFP2,Heces,0.0
987,2022,28,4,2022-05-17,ESFP2,Otros,1.09
988,2022,28,4,2022-05-17,ESFP5,Ramas,0.0
989,2022,28,4,2022-05-17,ESFP5,Corteza,200.45
990,2022,28,4,2022-05-17,ESFP5,Acículas,16.91
991,2022,28,4,2022-05-17,ESFP5,Piñas,1169.91
992,2022,28,4,2022-05-17,ESFP5,Flores,3.09
993,2022,28,4,2022-05-17,ESFP5,Heces,0.0
994,2022,28,4,2022-05-17,ESFP5,Otros,7.64
995,2022,28,4,2022-05-17,ESFP9,Ramas,0.0
996,2022,28,4,2022-05-17,ESFP9,Corteza,21.36
997,2022,28,4,2022-05-17,ESFP9,Acículas,0.91
998,2022,28,4,2022-05-17,ESFP9,Piñas,0.0
999,2022,28,4,2022-05-17,ESFP9,Flores,16.09
1000,2022,28,4,2022-05-17,ESFP9,Heces,0.0
1001,2022,28,4,2022-05-17,ESFP9,Otros,0.27
1002,2022,28,4,2022-05-17,ESFP13,Ramas,0.0
1003,2022,28,4,2022-05-17,ESFP13,Corteza,46.09
1004,2022,28,4,2022-05-17,ESFP13,Acículas,4.09
1005,2022,28,4,2022-05-17,ESFP13,Piñas,0.0
1006,2022,28,4,2022-05-17,ESFP13,Flores,99.36
1007,2022,28,4,2022-05-17,ESFP13,Heces,0.0
1008,2022,28,4,2022-05-17,ESFP13,Otros,7.64
1009,2022,28,4,2022-05-17,ESFP16,Ramas,0.0
1010,2022,28,4,2022-05-17,ESFP16,Corteza,14.82
1011,2022,28,4,2022-05-17,ESFP16,Acículas,5.18
1012,2022,28,4,2022-05-17,ESFP16,Piñas,0.0
1013,2022,28,4,2022-05-17,ESFP16,Flores,47.09
1014,2022,28,4,2022-05-17,ESFP16,Heces,0.0
1015,2022,28,4,2022-05-17,ESFP16,Otros,0.09
1016,2022,29,5,2022-06-16,ESFP2,Ramas,15.36
1017,2022,29,5,2022-06-16,ESFP2,Corteza,0.0
1018,2022,29,5,2022-06-16,ESFP2,Acículas,237.45
1019,2022,29,5,2022-06-16,ESFP2,Piñas,12.0
1020,2022,29,5,2022-06-16,ESFP2,Flores,44.45
1021,2022,29,5,2022-06-16,ESFP2,Heces,0.0
1022,2022,29,5,2022-06-16,ESFP2,Otros,0.0
1023,2022,29,5,2022-06-16,ESFP5,Ramas,0.0
1024,2022,29,5,2022-06-16,ESFP5,Corteza,30.45
1025,2022,29,5,2022-06-16,ESFP5,Acículas,31.55
1026,2022,29,5,2022-06-16,ESFP5,Piñas,0.0
1027,2022,29,5,2022-06-16,ESFP5,Flores,28.09
1028,2022,29,5,2022-06-16,ESFP5,Heces,17.09
1029,2022,29,5,2022-06-16,ESFP5,Otros,26.36
1030,2022,29,5,2022-06-16,ESFP9,Ramas,0.0
1031,2022,29,5,2022-06-16,ESFP9,Corteza,28.64
1032,2022,29,5,2022-06-16,ESFP9,Acículas,107.09
1033,2022,29,5,2022-06-16,ESFP9,Piñas,9.82
1034,2022,29,5,2022-06-16,ESFP9,Flores,54.27
1035,2022,29,5,2022-06-16,ESFP9,Heces,0.0
1036,2022,29,5,2022-06-16,ESFP9,Otros,0.55
1037,2022,29,5,2022-06-16,ESFP13,Ramas,0.0
1038,2022,29,5,2022-06-16,ESFP13,Corteza,36.09
1039,2022,29,5,2022-06-16,ESFP13,Acículas,306.55
1040,2022,29,5,2022-06-16,ESFP13,Piñas,9.55
1041,2022,29,5,2022-06-16,ESFP13,Flores,57.27
1042,2022,29,5,2022-06-16,ESFP13,Heces,0.0
1043,2022,29,5,2022-06-16,ESFP13,Otros,0.0
1044,2022,29,5,2022-06-16,ESFP16,Ramas,0.0
1045,2022,29,5,2022-06-16,ESFP16,Corteza,160.82
1046,2022,29,5,2022-06-16,ESFP16,Acículas,143.64
1047,2022,29,5,2022-06-16,ESFP16,Piñas,0.0
1048,2022,29,5,2022-06-16,ESFP16,Flores,12.09
1049,2022,29,5,2022-06-16,ESFP16,Heces,0.0
1050,2022,29,5,2022-06-16,ESFP16,Otros,5.82
1051,2022,30,6,2022-07-13,ESFP2,Ramas,8.09
1052,2022,30,6,2022-07-13,ESFP2,Corteza,4.09
1053,2022,30,6,2022-07-13,ESFP2,Acículas,142.82
1054,2022,30,6,2022-07-13,ESFP2,Piñas,10.45
1055,2022,30,6,2022-07-13,ESFP2,Flores,2.09
1056,2022,30,6,2022-07-13,ESFP2,Heces,1.27
1057,2022,30,6,2022-07-13,ESFP2,Otros,0.45
1058,2022,30,6,2022-07-13,ESFP5,Ramas,1.09
1059,2022,30,6,2022-07-13,ESFP5,Corteza,2.64
1060,2022,30,6,2022-07-13,ESFP5,Acículas,5.09
1061,2022,30,6,2022-07-13,ESFP5,Piñas,0.82
1062,2022,30,6,2022-07-13,ESFP5,Flores,30.73
1063,2022,30,6,2022-07-13,ESFP5,Heces,0.09
1064,2022,30,6,2022-07-13,ESFP5,Otros,0.55
1065,2022,30,6,2022-07-13,ESFP9,Ramas,0.0
1066,2022,30,6,2022-07-13,ESFP9,Corteza,2.45
1067,2022,30,6,2022-07-13,ESFP9,Acículas,472.0
1068,2022,30,6,2022-07-13,ESFP9,Piñas,3.09
1069,2022,30,6,2022-07-13,ESFP9,Flores,13.64
1070,2022,30,6,2022-07-13,ESFP9,Heces,0.0
1071,2022,30,6,2022-07-13,ESFP9,Otros,0.27
1072,2022,30,6,2022-07-13,ESFP13,Ramas,0.0
1073,2022,30,6,2022-07-13,ESFP13,Corteza,21.36
1074,2022,30,6,2022-07-13,ESFP13,Acículas,68.82
1075,2022,30,6,2022-07-13,ESFP13,Piñas,0.0
1076,2022,30,6,2022-07-13,ESFP13,Flores,21.64
1077,2022,30,6,2022-07-13,ESFP13,Heces,1.09
1078,2022,30,6,2022-07-13,ESFP13,Otros,0.0
1079,2022,30,6,2022-07-13,ESFP16,Ramas,0.0
1080,2022,30,6,2022-07-13,ESFP16,Corteza,2.73
1081,2022,30,6,2022-07-13,ESFP16,Acículas,121.73
1082,2022,30,6,2022-07-13,ESFP16,Piñas,0.0
1083,2022,30,6,2022-07-13,ESFP16,Flores,6.73
1084,2022,30,6,2022-07-13,ESFP16,Heces,2.27
1085,2022,30,6,2022-07-13,ESFP16,Otros,0.0
1086,2022,31,7,2022-08-17,ESFP2,Ramas,274.45
1087,2022,31,7,2022-08-17,ESFP2,Corteza,55.91
1088,2022,31,7,2022-08-17,ESFP2,Acículas,1345.36
1089,2022,31,7,2022-08-17,ESFP2,Piñas,611.64
1090,2022,31,7,2022-08-17,ESFP2,Flores,1.45
1091,2022,31,7,2022-08-17,ESFP2,Heces,0.0
1092,2022,31,7,2022-08-17,ESFP2,Otros,3.73
1093,2022,31,7,2022-08-17,ESFP5,Ramas,2648.82
1094,2022,31,7,2022-08-17,ESFP5,Corteza,51.91
1095,2022,31,7,2022-08-17,ESFP5,Acículas,583.36
1096,2022,31,7,2022-08-17,ESFP5,Piñas,27.18
1097,2022,31,7,2022-08-17,ESFP5,Flores,103.0
1098,2022,31,7,2022-08-17,ESFP5,Heces,0.0
1099,2022,31,7,2022-08-17,ESFP5,Otros,5.0
1100,2022,31,7,2022-08-17,ESFP9,Ramas,0.64
1101,2022,31,7,2022-08-17,ESFP9,Corteza,96.55
1102,2022,31,7,2022-08-17,ESFP9,Acículas,248.36
1103,2022,31,7,2022-08-17,ESFP9,Piñas,67.73
1104,2022,31,7,2022-08-17,ESFP9,Flores,7.82
1105,2022,31,7,2022-08-17,ESFP9,Heces,4.18
1106,2022,31,7,2022-08-17,ESFP9,Otros,0.55
1107,2022,31,7,2022-08-17,ESFP13,Ramas,49.82
1108,2022,31,7,2022-08-17,ESFP13,Corteza,319.09
1109,2022,31,7,2022-08-17,ESFP13,Acículas,1240.82
1110,2022,31,7,2022-08-17,ESFP13,Piñas,6.82
1111,2022,31,7,2022-08-17,ESFP13,Flores,9.0
1112,2022,31,7,2022-08-17,ESFP13,Heces,1.45
1113,2022,31,7,2022-08-17,ESFP13,Otros,0.36
1114,2022,31,7,2022-08-17,ESFP16,Ramas,1.45
1115,2022,31,7,2022-08-17,ESFP16,Corteza,29.82
1116,2022,31,7,2022-08-17,ESFP16,Acículas,218.82
1117,2022,31,7,2022-08-17,ESFP16,Piñas,2.18
1118,2022,31,7,2022-08-17,ESFP16,Flores,8.0
1119,2022,31,7,2022-08-17,ESFP16,Heces,0.09
1120,2022,31,7,2022-08-17,ESFP16,Otros,0.45
1121,2022,32,8,2022-09-16,ESFP2,Ramas,0.0
1122,2022,32,8,2022-09-16,ESFP2,Corteza,8.64
1123,2022,32,8,2022-09-16,ESFP2,Acículas,253.36
1124,2022,32,8,2022-09-16,ESFP2,Piñas,0.09
1125,2022,32,8,2022-09-16,ESFP2,Flores,2.0
1126,2022,32,8,2022-09-16,ESFP2,Heces,0.0
1127,2022,32,8,2022-09-16,ESFP2,Otros,3.09
1128,2022,32,8,2022-09-16,ESFP5,Ramas,9.64
1129,2022,32,8,2022-09-16,ESFP5,Corteza,76.55
1130,2022,32,8,2022-09-16,ESFP5,Acículas,185.55
1131,2022,32,8,2022-09-16,ESFP5,Piñas,0.09
1132,2022,32,8,2022-09-16,ESFP5,Flores,14.91
1133,2022,32,8,2022-09-16,ESFP5,Heces,0.0
1134,2022,32,8,2022-09-16,ESFP5,Otros,0.18
1135,2022,32,8,2022-09-16,ESFP9,Ramas,0.27
1136,2022,32,8,2022-09-16,ESFP9,Corteza,67.73
1137,2022,32,8,2022-09-16,ESFP9,Acículas,43.18
1138,2022,32,8,2022-09-16,ESFP9,Piñas,3.0
1139,2022,32,8,2022-09-16,ESFP9,Flores,0.0
1140,2022,32,8,2022-09-16,ESFP9,Heces,0.0
1141,2022,32,8,2022-09-16,ESFP9,Otros,0.0
1142,2022,32,8,2022-09-16,ESFP13,Ramas,0.18
1143,2022,32,8,2022-09-16,ESFP13,Corteza,25.91
1144,2022,32,8,2022-09-16,ESFP13,Acículas,129.64
1145,2022,32,8,2022-09-16,ESFP13,Piñas,9.55
1146,2022,32,8,2022-09-16,ESFP13,Flores,0.36
1147,2022,32,8,2022-09-16,ESFP13,Heces,2.73
1148,2022,32,8,2022-09-16,ESFP13,Otros,0.36
1149,2022,32,8,2022-09-16,ESFP16,Ramas,0.0
1150,2022,32,8,2022-09-16,ESFP16,Corteza,54.82
1151,2022,32,8,2022-09-16,ESFP16,Acículas,11.73
1152,2022,32,8,2022-09-16,ESFP16,Piñas,1.18
1153,2022,32,8,2022-09-16,ESFP16,Flores,2.45
1154,2022,32,8,2022-09-16,ESFP16,Heces,0.0
1155,2022,32,8,2022-09-16,ESFP16,Otros,0.0
1156,2022,33,9,2022-10-17,ESFP2,Ramas,0.0
1157,2022,33,9,2022-10-17,ESFP2,Corteza,34.45
1158,2022,33,9,2022-10-17,ESFP2,Acículas,68.36
1159,2022,33,9,2022-10-17,ESFP2,Piñas,5.82
1160,2022,33,9,2022-10-17,ESFP2,Flores,0.91
1161,2022,33,9,2022-10-17,ESFP2,Heces,0.0
1162,2022,33,9,2022-10-17,ESFP2,Otros,2.09
1163,2022,33,9,2022-10-17,ESFP5,Ramas,3.91
1164,2022,33,9,2022-10-17,ESFP5,Corteza,74.73
1165,2022,33,9,2022-10-17,ESFP5,Acículas,185.82
1166,2022,33,9,2022-10-17,ESFP5,Piñas,0.91
1167,2022,33,9,2022-10-17,ESFP5,Flores,15.73
1168,2022,33,9,2022-10-17,ESFP5,Heces,0.0
1169,2022,33,9,2022-10-17,ESFP5,Otros,0.09
1170,2022,33,9,2022-10-17,ESFP9,Ramas,0.0
1171,2022,33,9,2022-10-17,ESFP9,Corteza,81.64
1172,2022,33,9,2022-10-17,ESFP9,Acículas,30.09
1173,2022,33,9,2022-10-17,ESFP9,Piñas,0.36
1174,2022,33,9,2022-10-17,ESFP9,Flores,3.36
1175,2022,33,9,2022-10-17,ESFP9,Heces,0.0
1176,2022,33,9,2022-10-17,ESFP9,Otros,1.55
1177,2022,33,9,2022-10-17,ESFP13,Ramas,0.0
1178,2022,33,9,2022-10-17,ESFP13,Corteza,62.27
1179,2022,33,9,2022-10-17,ESFP13,Acículas,6.0
1180,2022,33,9,2022-10-17,ESFP13,Piñas,4.73
1181,2022,33,9,2022-10-17,ESFP13,Flores,0.27
1182,2022,33,9,2022-10-17,ESFP13,Heces,0.0
1183,2022,33,9,2022-10-17,ESFP13,Otros,0.0
1184,2022,33,9,2022-10-17,ESFP16,Ramas,3.09
1185,2022,33,9,2022-10-17,ESFP16,Corteza,391.64
1186,2022,33,9,2022-10-17,ESFP16,Acículas,33.36
1187,2022,33,9,2022-10-17,ESFP16,Piñas,0.0
1188,2022,33,9,2022-10-17,ESFP16,Flores,9.18
1189,2022,33,9,2022-10-17,ESFP16,Heces,0.0
1190,2022,33,9,2022-10-17,ESFP16,Otros,2.91
1226,2022,35,11,2022-12-16,ESFP2,Ramas,32.18
1227,2022,35,11,2022-12-16,ESFP2,Corteza,46.18
1228,2022,35,11,2022-12-16,ESFP2,Acículas,46.0
1229,2022,35,11,2022-12-16,ESFP2,Piñas,0.0
1230,2022,35,11,2022-12-16,ESFP2,Flores,3.18
1231,2022,35,11,2022-12-16,ESFP2,Heces,0.0
1232,2022,35,11,2022-12-16,ESFP2,Otros,1.45
1233,2022,35,11,2022-12-16,ESFP5,Ramas,0.0
1234,2022,35,11,2022-12-16,ESFP5,Corteza,13.0
1235,2022,35,11,2022-12-16,ESFP5,Acículas,232.73
1236,2022,35,11,2022-12-16,ESFP5,Piñas,0.0
1237,2022,35,11,2022-12-16,ESFP5,Flores,26.73
1238,2022,35,11,2022-12-16,ESFP5,Heces,0.0
1239,2022,35,11,2022-12-16,ESFP5,Otros,52.73
1240,2022,35,11,2022-12-16,ESFP9,Ramas,0.0
1241,2022,35,11,2022-12-16,ESFP9,Corteza,0.27
1242,2022,35,11,2022-12-16,ESFP9,Acículas,0.0
1243,2022,35,11,2022-12-16,ESFP9,Piñas,0.0
1244,2022,35,11,2022-12-16,ESFP9,Flores,0.0
1245,2022,35,11,2022-12-16,ESFP9,Heces,0.0
1246,2022,35,11,2022-12-16,ESFP9,Otros,0.55
1247,2022,35,11,2022-12-16,ESFP13,Ramas,0.0
1248,2022,35,11,2022-12-16,ESFP13,Corteza,15.18
1249,2022,35,11,2022-12-16,ESFP13,Acículas,23.91
1250,2022,35,11,2022-12-16,ESFP13,Piñas,7.64
1251,2022,35,11,2022-12-16,ESFP13,Flores,0.0
1252,2022,35,11,2022-12-16,ESFP13,Heces,0.0
1253,2022,35,11,2022-12-16,ESFP13,Otros,2.0
1254,2022,35,11,2022-12-16,ESFP16,Ramas,0.0
1255,2022,35,11,2022-12-16,ESFP16,Corteza,4.45
1256,2022,35,11,2022-12-16,ESFP16,Acículas,9.18
1257,2022,35,11,2022-12-16,ESFP16,Piñas,2.55
1258,2022,35,11,2022-12-16,ESFP16,Flores,3.73
1259,2022,35,11,2022-12-16,ESFP16,Heces,0.0
1260,2022,35,11,2022-12-16,ESFP16,Otros,0.0
1261,2023,36,1,2023-01-30,ESFP2,Ramas,90.36
1262,2023,36,1,2023-01-30,ESFP2,Corteza,62.09
1263,2023,36,1,2023-01-30,ESFP2,Acículas,5.45
1264,2023,36,1,2023-01-30,ESFP2,Piñas,489.27
1265,2023,36,1,2023-01-30,ESFP2,Flores,0.0
1266,2023,36,1,2023-01-30,ESFP2,Heces,98.0
1267,2023,36,1,2023-01-30,ESFP2,Otros,4.27
1268,2023,36,1,2023-01-30,ESFP5,Ramas,0.0
1269,2023,36,1,2023-01-30,ESFP5,Corteza,7.91
1270,2023,36,1,2023-01-30,ESFP5,Acículas,73.27
1271,2023,36,1,2023-01-30,ESFP5,Piñas,3.91
1272,2023,36,1,2023-01-30,ESFP5,Flores,0.0
1273,2023,36,1,2023-01-30,ESFP5,Heces,35.09
1274,2023,36,1,2023-01-30,ESFP5,Otros,10.45
1275,2023,36,1,2023-01-30,ESFP9,Ramas,0.0
1276,2023,36,1,2023-01-30,ESFP9,Corteza,0.0
1277,2023,36,1,2023-01-30,ESFP9,Acículas,0.0
1278,2023,36,1,2023-01-30,ESFP9,Piñas,15.91
1279,2023,36,1,2023-01-30,ESFP9,Flores,0.0
1280,2023,36,1,2023-01-30,ESFP9,Heces,0.0
1281,2023,36,1,2023-01-30,ESFP9,Otros,0.0
1282,2023,36,1,2023-01-30,ESFP13,Ramas,0.0
1283,2023,36,1,2023-01-30,ESFP13,Corteza,29.18
1284,2023,36,1,2023-01-30,ESFP13,Acículas,0.0
1285,2023,36,1,2023-01-30,ESFP13,Piñas,0.0
1286,2023,36,1,2023-01-30,ESFP13,Flores,0.0
1287,2023,36,1,2023-01-30,ESFP13,Heces,0.0
1288,2023,36,1,2023-01-30,ESFP13,Otros,1.09
1289,2023,36,1,2023-01-30,ESFP16,Ramas,0.0
1290,2023,36,1,2023-01-30,ESFP16,Corteza,122.73
1291,2023,36,1,2023-01-30,ESFP16,Acículas,0.0
1292,2023,36,1,2023-01-30,ESFP16,Piñas,0.0
1293,2023,36,1,2023-01-30,ESFP16,Flores,0.0
1294,2023,36,1,2023-01-30,ESFP16,Heces,0.0
1295,2023,36,1,2023-01-30,ESFP16,Otros,0.0
1296,2023,38,2,2023-02-23,ESFP2,Ramas,0.0
1297,2023,38,2,2023-02-23,ESFP2,Corteza,3.36
1298,2023,38,2,2023-02-23,ESFP2,Acículas,3.64
1299,2023,38,2,2023-02-23,ESFP2,Piñas,0.0
1300,2023,38,2,2023-02-23,ESFP2,Flores,0.0
1301,2023,38,2,2023-02-23,ESFP2,Heces,6.45
1302,2023,38,2,2023-02-23,ESFP2,Otros,1.55
1303,2023,38,2,2023-02-23,ESFP5,Ramas,0.0
1304,2023,38,2,2023-02-23,ESFP5,Corteza,15.73
1305,2023,38,2,2023-02-23,ESFP5,Acículas,0.0
1306,2023,38,2,2023-02-23,ESFP5,Piñas,2.18
1307,2023,38,2,2023-02-23,ESFP5,Flores,3.18
1308,2023,38,2,2023-02-23,ESFP5,Heces,0.18
1309,2023,38,2,2023-02-23,ESFP5,Otros,1.18
1310,2023,38,2,2023-02-23,ESFP9,Ramas,0.0
1311,2023,38,2,2023-02-23,ESFP9,Corteza,1.27
1312,2023,38,2,2023-02-23,ESFP9,Acículas,0.0
1313,2023,38,2,2023-02-23,ESFP9,Piñas,0.45
1314,2023,38,2,2023-02-23,ESFP9,Flores,1.36
1315,2023,38,2,2023-02-23,ESFP9,Heces,0.0
1316,2023,38,2,2023-02-23,ESFP9,Otros,0.0
1317,2023,38,2,2023-02-23,ESFP13,Ramas,0.0
1318,2023,38,2,2023-02-23,ESFP13,Corteza,33.73
1319,2023,38,2,2023-02-23,ESFP13,Acículas,0.64
1320,2023,38,2,2023-02-23,ESFP13,Piñas,1.36
1321,2023,38,2,2023-02-23,ESFP13,Flores,0.0
1322,2023,38,2,2023-02-23,ESFP13,Heces,0.0
1323,2023,38,2,2023-02-23,ESFP13,Otros,0.0
1324,2023,38,2,2023-02-23,ESFP16,Ramas,0.0
1325,2023,38,2,2023-02-23,ESFP16,Corteza,0.0
1326,2023,38,2,2023-02-23,ESFP16,Acículas,0.18
1327,2023,38,2,2023-02-23,ESFP16,Piñas,0.0
1328,2023,38,2,2023-02-23,ESFP16,Flores,0.0
1329,2023,38,2,2023-02-23,ESFP16,Heces,0.0
1330,2023,38,2,2023-02-23,ESFP16,Otros,0.0
1331,2023,39,3,2023-03-16,ESFP2,Ramas,0.0
1332,2023,39,3,2023-03-16,ESFP2,Corteza,1.55
1333,2023,39,3,2023-03-16,ESFP2,Acículas,9.36
1334,2023,39,3,2023-03-16,ESFP2,Piñas,19.82
1335,2023,39,3,2023-03-16,ESFP2,Flores,0.27
1336,2023,39,3,2023-03-16,ESFP2,Heces,0.0
1337,2023,39,3,2023-03-16,ESFP2,Otros,11.55
1338,2023,39,3,2023-03-16,ESFP5,Ramas,0.0
1339,2023,39,3,2023-03-16,ESFP5,Corteza,1.55
1340,2023,39,3,2023-03-16,ESFP5,Acículas,1.0
1341,2023,39,3,2023-03-16,ESFP5,Piñas,0.0
1342,2023,39,3,2023-03-16,ESFP5,Flores,0.0
1343,2023,39,3,2023-03-16,ESFP5,Heces,0.0
1344,2023,39,3,2023-03-16,ESFP5,Otros,7.55
1345,2023,39,3,2023-03-16,ESFP9,Ramas,0.0
1346,2023,39,3,2023-03-16,ESFP9,Corteza,0.0
1347,2023,39,3,2023-03-16,ESFP9,Acículas,0.0
1348,2023,39,3,2023-03-16,ESFP9,Piñas,0.0
1349,2023,39,3,2023-03-16,ESFP9,Flores,0.0
1350,2023,39,3,2023-03-16,ESFP9,Heces,0.0
1351,2023,39,3,2023-03-16,ESFP9,Otros,0.0
1352,2023,39,3,2023-03-16,ESFP13,Ramas,3.45
1353,2023,39,3,2023-03-16,ESFP13,Corteza,36.73
1354,2023,39,3,2023-03-16,ESFP13,Acículas,10.55
1355,2023,39,3,2023-03-16,ESFP13,Piñas,0.0
1356,2023,39,3,2023-03-16,ESFP13,Flores,0.0
1357,2023,39,3,2023-03-16,ESFP13,Heces,1.45
1358,2023,39,3,2023-03-16,ESFP13,Otros,0.18
1359,2023,39,3,2023-03-16,ESFP16,Ramas,0.0
1360,2023,39,3,2023-03-16,ESFP16,Corteza,1.18
1361,2023,39,3,2023-03-16,ESFP16,Acículas,0.0
1362,2023,39,3,2023-03-16,ESFP16,Piñas,0.0
1363,2023,39,3,2023-03-16,ESFP16,Flores,0.27
1364,2023,39,3,2023-03-16,ESFP16,Heces,0.0
1365,2023,39,3,2023-03-16,ESFP16,Otros,0.0
1366,2023,40,4,2023-04-17,ESFP2,Ramas,0.0
1367,2023,40,4,2023-04-17,ESFP2,Corteza,280.36
1368,2023,40,4,2023-04-17,ESFP2,Acículas,11.64
1369,2023,40,4,2023-04-17,ESFP2,Piñas,0.0
1370,2023,40,4,2023-04-17,ESFP2,Flores,125.73
1371,2023,40,4,2023-04-17,ESFP2,Heces,0.0
1372,2023,40,4,2023-04-17,ESFP2,Otros,0.0
1373,2023,40,4,2023-04-17,ESFP5,Ramas,0.0
1374,2023,40,4,2023-04-17,ESFP5,Corteza,11.27
1375,2023,40,4,2023-04-17,ESFP5,Acículas,71.0
1376,2023,40,4,2023-04-17,ESFP5,Piñas,0.0
1377,2023,40,4,2023-04-17,ESFP5,Flores,0.0
1378,2023,40,4,2023-04-17,ESFP5,Heces,0.0
1379,2023,40,4,2023-04-17,ESFP5,Otros,16.64
1380,2023,40,4,2023-04-17,ESFP9,Ramas,0.0
1381,2023,40,4,2023-04-17,ESFP9,Corteza,11.91
1382,2023,40,4,2023-04-17,ESFP9,Acículas,4.27
1383,2023,40,4,2023-04-17,ESFP9,Piñas,17.09
1384,2023,40,4,2023-04-17,ESFP9,Flores,3.64
1385,2023,40,4,2023-04-17,ESFP9,Heces,0.0
1386,2023,40,4,2023-04-17,ESFP9,Otros,0.0
1387,2023,40,4,2023-04-17,ESFP13,Ramas,0.0
1388,2023,40,4,2023-04-17,ESFP13,Corteza,3.45
1389,2023,40,4,2023-04-17,ESFP13,Acículas,0.64
1390,2023,40,4,2023-04-17,ESFP13,Piñas,2.0
1391,2023,40,4,2023-04-17,ESFP13,Flores,3.27
1392,2023,40,4,2023-04-17,ESFP13,Heces,0.0
1393,2023,40,4,2023-04-17,ESFP13,Otros,0.0
1394,2023,40,4,2023-04-17,ESFP16,Ramas,1.09
1395,2023,40,4,2023-04-17,ESFP16,Corteza,2.45
1396,2023,40,4,2023-04-17,ESFP16,Acículas,5.18
1397,2023,40,4,2023-04-17,ESFP16,Piñas,0.0
1398,2023,40,4,2023-04-17,ESFP16,Flores,0.0
1399,2023,40,4,2023-04-17,ESFP16,Heces,0.0
1400,2023,40,4,2023-04-17,ESFP16,Otros,0.45
1401,2023,41,5,2023-05-18,ESFP2,Ramas,1.18
1402,2023,41,5,2023-05-18,ESFP2,Corteza,24.82
1403,2023,41,5,2023-05-18,ESFP2,Acículas,88.55
1404,2023,41,5,2023-05-18,ESFP2,Piñas,0.27
1405,2023,41,5,2023-05-18,ESFP2,Flores,64.36
1406,2023,41,5,2023-05-18,ESFP2,Heces,0.0
1407,2023,41,5,2023-05-18,ESFP2,Otros,3.36
1408,2023,41,5,2023-05-18,ESFP5,Ramas,0.0
1409,2023,41,5,2023-05-18,ESFP5,Corteza,4.27
1410,2023,41,5,2023-05-18,ESFP5,Acículas,99.82
1411,2023,41,5,2023-05-18,ESFP5,Piñas,789.55
1412,2023,41,5,2023-05-18,ESFP5,Flores,6.18
1413,2023,41,5,2023-05-18,ESFP5,Heces,1.64
1414,2023,41,5,2023-05-18,ESFP5,Otros,0.0
1415,2023,41,5,2023-05-18,ESFP9,Ramas,0.0
1416,2023,41,5,2023-05-18,ESFP9,Corteza,44.73
1417,2023,41,5,2023-05-18,ESFP9,Acículas,2.36
1418,2023,41,5,2023-05-18,ESFP9,Piñas,8.64
1419,2023,41,5,2023-05-18,ESFP9,Flores,0.0
1420,2023,41,5,2023-05-18,ESFP9,Heces,0.0
1421,2023,41,5,2023-05-18,ESFP9,Otros,0.0
1422,2023,41,5,2023-05-18,ESFP13,Ramas,0.0
1423,2023,41,5,2023-05-18,ESFP13,Corteza,18.55
1424,2023,41,5,2023-05-18,ESFP13,Acículas,0.91
1425,2023,41,5,2023-05-18,ESFP13,Piñas,1.0
1426,2023,41,5,2023-05-18,ESFP13,Flores,347.09
1427,2023,41,5,2023-05-18,ESFP13,Heces,1.55
1428,2023,41,5,2023-05-18,ESFP13,Otros,0.0
1436,2023,42,6,2023-06-16,ESFP2,Ramas,55.0
1437,2023,42,6,2023-06-16,ESFP2,Corteza,76.45
1438,2023,42,6,2023-06-16,ESFP2,Acículas,500.91
1439,2023,42,6,2023-06-16,ESFP2,Piñas,0.18
1440,2023,42,6,2023-06-16,ESFP2,Flores,72.09
1441,2023,42,6,2023-06-16,ESFP2,Heces,0.0
1442,2023,42,6,2023-06-16,ESFP2,Otros,12.45
1443,2023,42,6,2023-06-16,ESFP5,Ramas,0.0
1444,2023,42,6,2023-06-16,ESFP5,Corteza,87.82
1445,2023,42,6,2023-06-16,ESFP5,Acículas,331.82
1446,2023,42,6,2023-06-16,ESFP5,Piñas,0.0
1447,2023,42,6,2023-06-16,ESFP5,Flores,40.64
1448,2023,42,6,2023-06-16,ESFP5,Heces,0.0
1449,2023,42,6,2023-06-16,ESFP5,Otros,10.0
1450,2023,42,6,2023-06-16,ESFP9,Ramas,0.0
1451,2023,42,6,2023-06-16,ESFP9,Corteza,534.64
1452,2023,42,6,2023-06-16,ESFP9,Acículas,129.18
1453,2023,42,6,2023-06-16,ESFP9,Piñas,0.0
1454,2023,42,6,2023-06-16,ESFP9,Flores,58.18
1455,2023,42,6,2023-06-16,ESFP9,Heces,0.0
1456,2023,42,6,2023-06-16,ESFP9,Otros,7.36
1457,2023,42,6,2023-06-16,ESFP13,Ramas,0.82
1458,2023,42,6,2023-06-16,ESFP13,Corteza,301.91
1459,2023,42,6,2023-06-16,ESFP13,Acículas,293.27
1460,2023,42,6,2023-06-16,ESFP13,Piñas,0.0
1461,2023,42,6,2023-06-16,ESFP13,Flores,44.45
1462,2023,42,6,2023-06-16,ESFP13,Heces,0.0
1463,2023,42,6,2023-06-16,ESFP13,Otros,9.91
1464,2023,42,6,2023-06-16,ESFP16,Ramas,0.0
1465,2023,42,6,2023-06-16,ESFP16,Corteza,14.73
1466,2023,42,6,2023-06-16,ESFP16,Acículas,129.0
1467,2023,42,6,2023-06-16,ESFP16,Piñas,0.73
1468,2023,42,6,2023-06-16,ESFP16,Flores,0.0
1469,2023,42,6,2023-06-16,ESFP16,Heces,0.0
1470,2023,42,6,2023-06-16,ESFP16,Otros,0.0
1471,2023,43,7,2023-07-21,ESFP2,Ramas,4.55
1472,2023,43,7,2023-07-21,ESFP2,Corteza,7.18
1473,2023,43,7,2023-07-21,ESFP2,Acículas,221.18
1474,2023,43,7,2023-07-21,ESFP2,Piñas,10.0
1475,2023,43,7,2023-07-21,ESFP2,Flores,10.55
1476,2023,43,7,2023-07-21,ESFP2,Heces,0.0
1477,2023,43,7,2023-07-21,ESFP2,Otros,2.45
1478,2023,43,7,2023-07-21,ESFP5,Ramas,0.0
1479,2023,43,7,2023-07-21,ESFP5,Corteza,18.45
1480,2023,43,7,2023-07-21,ESFP5,Acículas,8.0
1481,2023,43,7,2023-07-21,ESFP5,Piñas,20.45
1482,2023,43,7,2023-07-21,ESFP5,Flores,59.36
1483,2023,43,7,2023-07-21,ESFP5,Heces,0.0
1484,2023,43,7,2023-07-21,ESFP5,Otros,1.45
1485,2023,43,7,2023-07-21,ESFP9,Ramas,0.0
1486,2023,43,7,2023-07-21,ESFP9,Corteza,44.09
1487,2023,43,7,2023-07-21,ESFP9,Acículas,201.73
1488,2023,43,7,2023-07-21,ESFP9,Piñas,1.64
1489,2023,43,7,2023-07-21,ESFP9,Flores,3.64
1490,2023,43,7,2023-07-21,ESFP9,Heces,0.0
1491,2023,43,7,2023-07-21,ESFP9,Otros,0.18
1492,2023,43,7,2023-07-21,ESFP13,Ramas,1403.45
1493,2023,43,7,2023-07-21,ESFP13,Corteza,583.27
1494,2023,43,7,2023-07-21,ESFP13,Acículas,702.45
1495,2023,43,7,2023-07-21,ESFP13,Piñas,452.0
1496,2023,43,7,2023-07-21,ESFP13,Flores,17.18
1497,2023,43,7,2023-07-21,ESFP13,Heces,0.0
1498,2023,43,7,2023-07-21,ESFP13,Otros,13.27
1499,2023,43,7,2023-07-21,ESFP16,Ramas,0.0
1500,2023,43,7,2023-07-21,ESFP16,Corteza,1.82
1501,2023,43,7,2023-07-21,ESFP16,Acículas,69.36
1502,2023,43,7,2023-07-21,ESFP16,Piñas,0.0
1503,2023,43,7,2023-07-21,ESFP16,Flores,0.0
1504,2023,43,7,2023-07-21,ESFP16,Heces,0.0
1505,2023,43,7,2023-07-21,ESFP16,Otros,2.0
1506,2023,44,8,2023-08-15,ESFP2,Ramas,1.64
1507,2023,44,8,2023-08-15,ESFP2,Corteza,56.64
1508,2023,44,8,2023-08-15,ESFP2,Acículas,655.45
1509,2023,44,8,2023-08-15,ESFP2,Piñas,6.91
1510,2023,44,8,2023-08-15,ESFP2,Flores,6.45
1511,2023,44,8,2023-08-15,ESFP2,Heces,0.0
1512,2023,44,8,2023-08-15,ESFP2,Otros,9.36
1513,2023,44,8,2023-08-15,ESFP5,Ramas,0.0
1514,2023,44,8,2023-08-15,ESFP5,Corteza,144.45
1515,2023,44,8,2023-08-15,ESFP5,Acículas,3.82
1516,2023,44,8,2023-08-15,ESFP5,Piñas,83.73
1517,2023,44,8,2023-08-15,ESFP5,Flores,56.82
1518,2023,44,8,2023-08-15,ESFP5,Heces,0.0
1519,2023,44,8,2023-08-15,ESFP5,Otros,7.45
1520,2023,44,8,2023-08-15,ESFP9,Ramas,6.18
1521,2023,44,8,2023-08-15,ESFP9,Corteza,92.36
1522,2023,44,8,2023-08-15,ESFP9,Acículas,27.27
1523,2023,44,8,2023-08-15,ESFP9,Piñas,4.82
1524,2023,44,8,2023-08-15,ESFP9,Flores,0.64
1525,2023,44,8,2023-08-15,ESFP9,Heces,0.0
1526,2023,44,8,2023-08-15,ESFP9,Otros,0.0
1527,2023,44,8,2023-08-15,ESFP13,Ramas,0.0
1528,2023,44,8,2023-08-15,ESFP13,Corteza,46.82
1529,2023,44,8,2023-08-15,ESFP13,Acículas,203.91
1530,2023,44,8,2023-08-15,ESFP13,Piñas,2.09
1531,2023,44,8,2023-08-15,ESFP13,Flores,0.0
1532,2023,44,8,2023-08-15,ESFP13,Heces,0.0
1533,2023,44,8,2023-08-15,ESFP13,Otros,0.0
1534,2023,44,8,2023-08-15,ESFP16,Ramas,0.0
1535,2023,44,8,2023-08-15,ESFP16,Corteza,106.27
1536,2023,44,8,2023-08-15,ESFP16,Acículas,51.18
1537,2023,44,8,2023-08-15,ESFP16,Piñas,0.0
1538,2023,44,8,2023-08-15,ESFP16,Flores,0.0
1539,2023,44,8,2023-08-15,ESFP16,Heces,0.0
1540,2023,44,8,2023-08-15,ESFP16,Otros,0.91
1576,2023,46,10,2023-10-17,ESFP2,Ramas,0.0
1577,2023,46,10,2023-10-17,ESFP2,Corteza,59.45
1578,2023,46,10,2023-10-17,ESFP2,Acículas,81.82
1579,2023,46,10,2023-10-17,ESFP2,Piñas,0.0
1580,2023,46,10,2023-10-17,ESFP2,Flores,9.36
1581,2023,46,10,2023-10-17,ESFP2,Heces,0.0
1582,2023,46,10,2023-10-17,ESFP2,Otros,5.36
1583,2023,46,10,2023-10-17,ESFP5,Ramas,0.0
1584,2023,46,10,2023-10-17,ESFP5,Corteza,19.91
1585,2023,46,10,2023-10-17,ESFP5,Acículas,212.91
1586,2023,46,10,2023-10-17,ESFP5,Piñas,0.0
1587,2023,46,10,2023-10-17,ESFP5,Flores,5.82
1588,2023,46,10,2023-10-17,ESFP5,Heces,0.0
1589,2023,46,10,2023-10-17,ESFP5,Otros,10.0
1590,2023,46,10,2023-10-17,ESFP9,Ramas,0.0
1591,2023,46,10,2023-10-17,ESFP9,Corteza,64.91
1592,2023,46,10,2023-10-17,ESFP9,Acículas,2.55
1593,2023,46,10,2023-10-17,ESFP9,Piñas,12.45
1594,2023,46,10,2023-10-17,ESFP9,Flores,0.0
1595,2023,46,10,2023-10-17,ESFP9,Heces,0.0
1596,2023,46,10,2023-10-17,ESFP9,Otros,0.18
1597,2023,46,10,2023-10-17,ESFP13,Ramas,94.73
1598,2023,46,10,2023-10-17,ESFP13,Corteza,219.73
1599,2023,46,10,2023-10-17,ESFP13,Acículas,279.73
1600,2023,46,10,2023-10-17,ESFP13,Piñas,647.73
1601,2023,46,10,2023-10-17,ESFP13,Flores,3.18
1602,2023,46,10,2023-10-17,ESFP13,Heces,0.0
1603,2023,46,10,2023-10-17,ESFP13,Otros,2.45
1604,2023,46,10,2023-10-17,ESFP16,Ramas,0.0
1605,2023,46,10,2023-10-17,ESFP16,Corteza,195.55
1606,2023,46,10,2023-10-17,ESFP16,Acículas,33.27
1607,2023,46,10,2023-10-17,ESFP16,Piñas,0.0
1608,2023,46,10,2023-10-17,ESFP16,Flores,1.91
1609,2023,46,10,2023-10-17,ESFP16,Heces,0.0
1610,2023,46,10,2023-10-17,ESFP16,Otros,1.36
1611,2023,47,11,2023-11-20,ESFP2,Ramas,0.0
1612,2023,47,11,2023-11-20,ESFP2,Corteza,0.91
1613,2023,47,11,2023-11-20,ESFP2,Acículas,4.55
1614,2023,47,11,2023-11-20,ESFP2,Piñas,0.0
1615,2023,47,11,2023-11-20,ESFP2,Flores,0.0
1616,2023,47,11,2023-11-20,ESFP2,Heces,0.0
1617,2023,47,11,2023-11-20,ESFP2,Otros,0.0
1618,2023,47,11,2023-11-20,ESFP5,Ramas,0.0
1619,2023,47,11,2023-11-20,ESFP5,Corteza,2.45
1620,2023,47,11,2023-11-20,ESFP5,Acículas,3.45
1621,2023,47,11,2023-11-20,ESFP5,Piñas,0.0
1622,2023,47,11,2023-11-20,ESFP5,Flores,2.45
1623,2023,47,11,2023-11-20,ESFP5,Heces,0.0
1624,2023,47,11,2023-11-20,ESFP5,Otros,12.64
1625,2023,47,11,2023-11-20,ESFP9,Ramas,3.09
1626,2023,47,11,2023-11-20,ESFP9,Corteza,58.73
1627,2023,47,11,2023-11-20,ESFP9,Acículas,10.45
1628,2023,47,11,2023-11-20,ESFP9,Piñas,0.82
1629,2023,47,11,2023-11-20,ESFP9,Flores,0.0
1630,2023,47,11,2023-11-20,ESFP9,Heces,0.0
1631,2023,47,11,2023-11-20,ESFP9,Otros,0.0
1632,2023,47,11,2023-11-20,ESFP13,Ramas,0.0
1633,2023,47,11,2023-11-20,ESFP13,Corteza,12.27
1634,2023,47,11,2023-11-20,ESFP13,Acículas,30.82
1635,2023,47,11,2023-11-20,ESFP13,Piñas,12.27
1636,2023,47,11,2023-11-20,ESFP13,Flores,0.0
1637,2023,47,11,2023-11-20,ESFP13,Heces,0.0
1638,2023,47,11,2023-11-20,ESFP13,Otros,4.0
1639,2023,47,11,2023-11-20,ESFP16,Ramas,2.09
1640,2023,47,11,2023-11-20,ESFP16,Corteza,0.0
1641,2023,47,11,2023-11-20,ESFP16,Acículas,0.64
1642,2023,47,11,2023-11-20,ESFP16,Piñas,0.0
1643,2023,47,11,2023-11-20,ESFP16,Flores,0.0
1644,2023,47,11,2023-11-20,ESFP16,Heces,0.0
1645,2023,47,11,2023-11-20,ESFP16,Otros,0.0
1646,2024,48,12,2023-12-20,ESFP2,Ramas,0.0
1647,2024,48,12,2023-12-20,ESFP2,Corteza,0.82
1648,2024,48,12,2023-12-20,ESFP2,Acículas,4.73
1649,2024,48,12,2023-12-20,ESFP2,Piñas,0.0
1650,2024,48,12,2023-12-20,ESFP2,Flores,0.0
1651,2024,48,12,2023-12-20,ESFP2,Heces,0.0
1652,2024,48,12,2023-12-20,ESFP2,Otros,1.18
1653,2024,48,12,2023-12-20,ESFP5,Ramas,0.0
1654,2024,48,12,2023-12-20,ESFP5,Corteza,3.73
1655,2024,48,12,2023-12-20,ESFP5,Acículas,0.0
1656,2024,48,12,2023-12-20,ESFP5,Piñas,0.0
1657,2024,48,12,2023-12-20,ESFP5,Flores,0.0
1658,2024,48,12,2023-12-20,ESFP5,Heces,0.0
1659,2024,48,12,2023-12-20,ESFP5,Otros,63.27
1660,2024,48,12,2023-12-20,ESFP9,Ramas,0.0
1661,2024,48,12,2023-12-20,ESFP9,Corteza,4.27
1662,2024,48,12,2023-12-20,ESFP9,Acículas,3.64
1663,2024,48,12,2023-12-20,ESFP9,Piñas,25.45
1664,2024,48,12,2023-12-20,ESFP9,Flores,0.0
1665,2024,48,12,2023-12-20,ESFP9,Heces,0.0
1666,2024,48,12,2023-12-20,ESFP9,Otros,0.27
1667,2024,48,12,2023-12-20,ESFP13,Ramas,0.0
1668,2024,48,12,2023-12-20,ESFP13,Corteza,1.64
1669,2024,48,12,2023-12-20,ESFP13,Acículas,0.0
1670,2024,48,12,2023-12-20,ESFP13,Piñas,0.0
1671,2024,48,12,2023-12-20,ESFP13,Flores,0.0
1672,2024,48,12,2023-12-20,ESFP13,Heces,0.0
1673,2024,48,12,2023-12-20,ESFP13,Otros,0.0
1674,2024,48,12,2023-12-20,ESFP16,Ramas,0.0
1675,2024,48,12,2023-12-20,ESFP16,Corteza,1.36
1676,2024,48,12,2023-12-20,ESFP16,Acículas,44.55
1677,2024,48,12,2023-12-20,ESFP16,Piñas,0.0
1678,2024,48,12,2023-12-20,ESFP16,Flores,0.0
1679,2024,48,12,2023-12-20,ESFP16,Heces,0.0
1680,2024,48,12,2023-12-20,ESFP16,Otros,3.64
1681,2024,49,1,2024-01-25,ESFP2,Ramas,27.73
1682,2024,49,1,2024-01-25,ESFP2,Corteza,65.36
1683,2024,49,1,2024-01-25,ESFP2,Acículas,10.91
1684,2024,49,1,2024-01-25,ESFP2,Piñas,0.0
1685,2024,49,1,2024-01-25,ESFP2,Flores,0.0
1686,2024,49,1,2024-01-25,ESFP2,Heces,0.0
1687,2024,49,1,2024-01-25,ESFP2,Otros,0.73
1688,2024,49,1,2024-01-25,ESFP5,Ramas,0.0
1689,2024,49,1,2024-01-25,ESFP5,Corteza,3.64
1690,2024,49,1,2024-01-25,ESFP5,Acículas,0.0
1691,2024,49,1,2024-01-25,ESFP5,Piñas,4.45
1692,2024,49,1,2024-01-25,ESFP5,Flores,0.0
1693,2024,49,1,2024-01-25,ESFP5,Heces,0.0
1694,2024,49,1,2024-01-25,ESFP5,Otros,0.0
1695,2024,49,1,2024-01-25,ESFP9,Ramas,0.0
1696,2024,49,1,2024-01-25,ESFP9,Corteza,0.0
1697,2024,49,1,2024-01-25,ESFP9,Acículas,0.0
1698,2024,49,1,2024-01-25,ESFP9,Piñas,0.0
1699,2024,49,1,2024-01-25,ESFP9,Flores,0.0
1700,2024,49,1,2024-01-25,ESFP9,Heces,0.0
1701,2024,49,1,2024-01-25,ESFP9,Otros,0.0
1702,2024,49,1,2024-01-25,ESFP13,Ramas,0.0
1703,2024,49,1,2024-01-25,ESFP13,Corteza,0.0
1704,2024,49,1,2024-01-25,ESFP13,Acículas,0.0
1705,2024,49,1,2024-01-25,ESFP13,Piñas,0.0
1706,2024,49,1,2024-01-25,ESFP13,Flores,0.0
1707,2024,49,1,2024-01-25,ESFP13,Heces,0.0
1708,2024,49,1,2024-01-25,ESFP13,Otros,0.0
1709,2024,49,1,2024-01-25,ESFP16,Ramas,0.0
1710,2024,49,1,2024-01-25,ESFP16,Corteza,7.27
1711,2024,49,1,2024-01-25,ESFP16,Acículas,3.73
1712,2024,49,1,2024-01-25,ESFP16,Piñas,0.0
1713,2024,49,1,2024-01-25,ESFP16,Flores,0.0
1714,2024,49,1,2024-01-25,ESFP16,Heces,0.0
1715,2024,49,1,2024-01-25,ESFP16,Otros,0.0
1730,2024,50,2,2024-02-29,ESFP9,Ramas,0.0
1731,2024,50,2,2024-02-29,ESFP9,Corteza,23.0
1732,2024,50,2,2024-02-29,ESFP9,Acículas,78.55
1733,2024,50,2,2024-02-29,ESFP9,Piñas,0.0
1734,2024,50,2,2024-02-29,ESFP9,Flores,0.0
1735,2024,50,2,2024-02-29,ESFP9,Heces,1.18
1736,2024,50,2,2024-02-29,ESFP9,Otros,24.45
1758,2024,51,3,2024-03-29,ESFP5,Ramas,39.0
1759,2024,51,3,2024-03-29,ESFP5,Corteza,0.0
1760,2024,51,3,2024-03-29,ESFP5,Acículas,19.27
1761,2024,51,3,2024-03-29,ESFP5,Piñas,0.0
1762,2024,51,3,2024-03-29,ESFP5,Flores,0.0
1763,2024,51,3,2024-03-29,ESFP5,Heces,0.0
1764,2024,51,3,2024-03-29,ESFP5,Otros,33.27
1786,2024,52,4,2024-04-08,ESFP2,Ramas,568.64
1787,2024,52,4,2024-04-08,ESFP2,Corteza,2.36
1788,2024,52,4,2024-04-08,ESFP2,Acículas,43.27
1789,2024,52,4,2024-04-08,ESFP2,Piñas,0.0
1790,2024,52,4,2024-04-08,ESFP2,Flores,2.0
1791,2024,52,4,2024-04-08,ESFP2,Heces,0.0
1792,2024,52,4,2024-04-08,ESFP2,Otros,0.09
1793,2024,52,4,2024-04-08,ESFP5,Ramas,0.0
1794,2024,52,4,2024-04-08,ESFP5,Corteza,34.0
1795,2024,52,4,2024-04-08,ESFP5,Acículas,6.18
1796,2024,52,4,2024-04-08,ESFP5,Piñas,0.0
1797,2024,52,4,2024-04-08,ESFP5,Flores,10.55
1798,2024,52,4,2024-04-08,ESFP5,Heces,0.0
1799,2024,52,4,2024-04-08,ESFP5,Otros,4.27
1800,2024,52,4,2024-04-08,ESFP9,Ramas,47.36
1801,2024,52,4,2024-04-08,ESFP9,Corteza,14.82
1802,2024,52,4,2024-04-08,ESFP9,Acículas,153.27
1803,2024,52,4,2024-04-08,ESFP9,Piñas,8.73
1804,2024,52,4,2024-04-08,ESFP9,Flores,0.0
1805,2024,52,4,2024-04-08,ESFP9,Heces,0.0
1806,2024,52,4,2024-04-08,ESFP9,Otros,0.0
1807,2024,52,4,2024-04-08,ESFP13,Ramas,69.27
1808,2024,52,4,2024-04-08,ESFP13,Corteza,11.64
1809,2024,52,4,2024-04-08,ESFP13,Acículas,184.45
1810,2024,52,4,2024-04-08,ESFP13,Piñas,34.73
1811,2024,52,4,2024-04-08,ESFP13,Flores,0.0
1812,2024,52,4,2024-04-08,ESFP13,Heces,0.0
1813,2024,52,4,2024-04-08,ESFP13,Otros,4.64
1814,2024,52,4,2024-04-08,ESFP16,Ramas,0.0
1815,2024,52,4,2024-04-08,ESFP16,Corteza,33.73
1816,2024,52,4,2024-04-08,ESFP16,Acículas,54.27
1817,2024,52,4,2024-04-08,ESFP16,Piñas,523.82
1818,2024,52,4,2024-04-08,ESFP16,Flores,48.73
1819,2024,52,4,2024-04-08,ESFP16,Heces,0.0
1820,2024,52,4,2024-04-08,ESFP16,Otros,0.55
1821,2024,52,4,2024-04-08,ESFP13,Ramas,1.18
1822,2024,52,4,2024-04-08,ESFP13,Corteza,31.09
1823,2024,52,4,2024-04-08,ESFP13,Acículas,110.27
1824,2024,52,4,2024-04-08,ESFP13,Piñas,0.0
1825,2024,52,4,2024-04-08,ESFP13,Flores,34.91
1826,2024,52,4,2024-04-08,ESFP13,Heces,0.0
1827,2024,52,4,2024-04-08,ESFP13,Otros,0.73
1828,2024,52,4,2024-04-08,ESFP13,Ramas,3.0
1829,2024,52,4,2024-04-08,ESFP13,Corteza,0.0
1830,2024,52,4,2024-04-08,ESFP13,Acículas,67.18
1831,2024,52,4,2024-04-08,ESFP13,Piñas,0.0
1832,2024,52,4,2024-04-08,ESFP13,Flores,8.73
1833,2024,52,4,2024-04-08,ESFP13,Heces,0.0
1834,2024,52,4,2024-04-08,ESFP13,Otros,1.73
1835,2024,52,4,2024-04-08,ESFP13,Otros,0.0
1836,2024,52,4,2024-04-08,ESFP13,Ramas,0.0
1837,2024,52,4,2024-04-08,ESFP13,Corteza,0.0
1838,2024,52,4,2024-04-08,ESFP13,Acículas,382.82
1839,2024,52,4,2024-04-08,ESFP13,Piñas,85.73
1840,2024,52,4,2024-04-08,ESFP13,Flores,0.0
1841,2024,52,4,2024-04-08,ESFP13,Heces,0.0
1842,2024,52,4,2024-04-08,ESFP13,Otros,2.18
1843,2024,52,4,2024-04-08,ESFP16,Corteza,5.0
1844,2024,52,4,2024-04-08,ESFP16,Acículas,42.73
1845,2024,52,4,2024-04-08,ESFP16,Piñas,0.0
1846,2024,52,4,2024-04-08,ESFP16,Flores,0.0
1847,2024,52,4,2024-04-08,ESFP16,Heces,0.0
1848,2024,52,4,2024-04-08,ESFP16,Otros,2.82
1849,2024,53,5,2024-05-09,ESPF2,Corteza,18.36
1850,2024,53,5,2024-05-09,ESPF2,Ramas,8.73
1851,2024,53,5,2024-05-09,ESPF2,Acículas,252.36
1852,2024,53,5,2024-05-09,ESPF2,Piñas,0.0
1853,2024,53,5,2024-05-09,ESPF2,Flores,52.64
1854,2024,53,5,2024-05-09,ESPF2,Otros,8.64
1855,2024,53,5,2024-05-09,ESPF2,Heces,0.0
1856,2024,53,5,2024-05-09,ESPF5,Corteza,102.18
1857,2024,53,5,2024-05-09,ESPF5,Ramas,36.36
1858,2024,53,5,2024-05-09,ESPF5,Acículas,77.36
1859,2024,53,5,2024-05-09,ESPF5,Piñas,0.0
1860,2024,53,5,2024-05-09,ESPF5,Flores,15.18
1861,2024,53,5,2024-05-09,ESPF5,Otros,2.45
1862,2024,53,5,2024-05-09,ESPF5,Heces,0.0
1863,2024,53,5,2024-05-09,ESPF5,Corteza,23.55
1864,2024,53,5,2024-05-09,ESPF5,Ramas,0.0
1865,2024,53,5,2024-05-09,ESPF5,Acículas,72.73
1866,2024,53,5,2024-05-09,ESPF5,Piñas,0.0
1867,2024,53,5,2024-05-09,ESPF5,Flores,1.45
1868,2024,53,5,2024-05-09,ESPF5,Otros,0.0
1869,2024,53,5,2024-05-09,ESPF5,Heces,0.0
1870,2024,53,5,2024-05-09,ESPF9,Ramas,0.0
1871,2024,53,5,2024-05-09,ESPF9,Corteza,0.0
1872,2024,53,5,2024-05-09,ESPF9,Acículas,49.55
1873,2024,53,5,2024-05-09,ESPF9,Piñas,0.0
1874,2024,53,5,2024-05-09,ESPF9,Flores,20.09
1875,2024,53,5,2024-05-09,ESPF9,Heces,0.0
1876,2024,53,5,2024-05-09,ESPF9,Otros,0.0
1877,2024,53,5,2024-05-09,ESPF9,Corteza,71.55
1878,2024,53,5,2024-05-09,ESPF9,Ramas,15.18
1879,2024,53,5,2024-05-09,ESPF9,Acículas,104.18
1880,2024,53,5,2024-05-09,ESPF9,Piñas,0.0
1881,2024,53,5,2024-05-09,ESPF9,Flores,47.73
1882,2024,53,5,2024-05-09,ESPF9,Otros,14.36
1883,2024,53,5,2024-05-09,ESPF9,Heces,0.0
1884,2024,53,5,2024-05-09,ESPF13,Corteza,7.82
1885,2024,53,5,2024-05-09,ESPF13,Ramas,0.0
1886,2024,53,5,2024-05-09,ESPF13,Acículas,10.91
1887,2024,53,5,2024-05-09,ESPF13,Piñas,0.0
1888,2024,53,5,2024-05-09,ESPF13,Flores,75.36
1889,2024,53,5,2024-05-09,ESPF13,Otros,1.82
1890,2024,53,5,2024-05-09,ESPF13,Heces,0.0
1891,2024,53,5,2024-05-09,ESPF13,Corteza,4.45
1892,2024,53,5,2024-05-09,ESPF13,Ramas,0.0
1893,2024,53,5,2024-05-09,ESPF13,Acículas,4.91
1894,2024,53,5,2024-05-09,ESPF13,Piñas,0.0
1895,2024,53,5,2024-05-09,ESPF13,Flores,16.55
1896,2024,53,5,2024-05-09,ESPF13,Otros,5.36
1897,2024,53,5,2024-05-09,ESPF13,Heces,0.0
1898,2024,53,5,2024-05-02,ESPF16,Corteza,3.18
1899,2024,53,5,2024-05-02,ESPF16,Ramas,0.0
1900,2024,53,5,2024-05-02,ESPF16,Acículas,45.91
1901,2024,53,5,2024-05-02,ESPF16,Piñas,0.0
1902,2024,53,5,2024-05-02,ESPF16,Flores,0.0
1903,2024,53,5,2024-05-02,ESPF16,Otros,0.0
1904,2024,53,5,2024-05-02,ESPF16,Heces,0.0
1905,2024,53,5,2024-05-02,ESPF16,Corteza,3.55
1906,2024,53,5,2024-05-02,ESPF16,Ramas,0.0
1907,2024,53,5,2024-05-02,ESPF16,Acículas,54.18
1908,2024,53,5,2024-05-02,ESPF16,Piñas,0.0
1909,2024,53,5,2024-05-02,ESPF16,Flores,0.0
1910,2024,53,5,2024-05-02,ESPF16,Otros,2.18
1911,2024,53,5,2024-05-02,ESPF16,Heces,0.0
1912,2024,54,5,2024-06-06,ESPF2,Corteza,12.55
1913,2024,54,5,2024-06-06,ESPF2,Ramas,0.0
1914,2024,54,5,2024-06-06,ESPF2,Acículas,286.09
1915,2024,54,5,2024-06-06,ESPF2,Piñas,0.0
1916,2024,54,5,2024-06-06,ESPF2,Flores,17.09
1917,2024,54,5,2024-06-06,ESPF2,Otros,5.73
1918,2024,54,5,2024-06-06,ESPF2,Heces,0.0
1919,2024,54,5,2024-06-06,ESPF13,Corteza,27.09
1920,2024,54,5,2024-06-06,ESPF13,Ramas,0.0
1921,2024,54,5,2024-06-06,ESPF13,Acículas,85.91
1922,2024,54,5,2024-06-06,ESPF13,Piñas,0.0
1923,2024,54,5,2024-06-06,ESPF13,Flores,194.09
1924,2024,54,5,2024-06-06,ESPF13,Otros,2.27
1925,2024,54,5,2024-06-06,ESPF13,Heces,0.0
1926,2024,54,5,2024-06-06,ESPF13,Corteza,25.09
1927,2024,54,5,2024-06-06,ESPF13,Ramas,17.27
1928,2024,54,5,2024-06-06,ESPF13,Acículas,69.18
1929,2024,54,5,2024-06-06,ESPF13,Piñas,0.0
1930,2024,54,5,2024-06-06,ESPF13,Flores,141.45
1931,2024,54,5,2024-06-06,ESPF13,Otros,1.73
1932,2024,54,5,2024-06-06,ESPF13,Heces,0.0
1933,2024,55,6,2024-06-26,ESPF5,Corteza,25.0
1934,2024,55,6,2024-06-26,ESPF5,Rama,0.0
1935,2024,55,6,2024-06-26,ESPF5,Acículas,167.82
1936,2024,55,6,2024-06-26,ESPF5,Piñas,0.0
1937,2024,55,6,2024-06-26,ESPF5,Flores,0.0
1938,2024,55,6,2024-06-26,ESPF5,Heces,1.45
1939,2024,55,6,2024-06-26,ESPF5,Otros,0.0
1940,2024,55,6,2024-06-24,ESPF9,Corteza,29.45
1941,2024,55,6,2024-06-24,ESPF9,Rama,4.18
1942,2024,55,6,2024-06-24,ESPF9,Acículas,337.36
1943,2024,55,6,2024-06-24,ESPF9,Piñas,0.0
1944,2024,55,6,2024-06-24,ESPF9,Flores,49.64
1945,2024,55,6,2024-06-24,ESPF9,Heces,2.45
1946,2024,55,6,2024-06-24,ESPF9,Otros,0.0
1947,2024,55,6,2024-06-24,ESPF9,Corteza,42.09
1948,2024,55,6,2024-06-24,ESPF9,Rama,0.0
1949,2024,55,6,2024-06-24,ESPF9,Acículas,501.91
1950,2024,55,6,2024-06-24,ESPF9,Piñas,0.0
1951,2024,55,6,2024-06-24,ESPF9,Flores,49.91
1952,2024,55,6,2024-06-24,ESPF9,Heces,2.45
1953,2024,55,6,2024-06-24,ESPF9,Otros,0.0
1954,2024,55,6,2024-06-19,ESFP16,Corteza,16.27
1955,2024,55,6,2024-06-19,ESFP16,Rama,6.45
1956,2024,55,6,2024-06-19,ESFP16,Acículas,258.36
1957,2024,55,6,2024-06-19,ESFP16,Piñas,0.0
1958,2024,55,6,2024-06-19,ESFP16,Flores,1.73
1959,2024,55,6,2024-06-19,ESFP16,Heces,1.45
1960,2024,55,6,2024-06-19,ESFP16,Otros,2.27
1961,2024,55,6,2024-06-19,ESFP16,Corteza,46.18
1962,2024,55,6,2024-06-19,ESFP16,Rama,0.0
1963,2024,55,6,2024-06-19,ESFP16,Acículas,351.55
1964,2024,55,6,2024-06-19,ESFP16,Piñas,0.0
1965,2024,55,6,2024-06-19,ESFP16,Flores,0.0
1966,2024,55,6,2024-06-19,ESFP16,Heces,0.0
1967,2024,55,6,2024-06-19,ESFP16,Otros,0.0
1968,2024,56,7,2024-07-04,ESFP16,Corteza,0.0
1969,2024,56,7,2024-07-04,ESFP16,Rama,0.0
1970,2024,56,7,2024-07-04,ESFP16,Acículas,196.45
1971,2024,56,7,2024-07-04,ESFP16,Piñas,0.0
1972,2024,56,7,2024-07-04,ESFP16,Flores,0.0
1973,2024,56,7,2024-07-04,ESFP16,Heces,0.0
1974,2024,56,7,2024-07-04,ESFP16,Otros,0.0
1975,2024,56,7,2024-07-04,ESFP16,Corteza,0.0
1976,2024,56,7,2024-07-04,ESFP16,Rama,0.0
1977,2024,56,7,2024-07-04,ESFP16,Acículas,150.09
1978,2024,56,7,2024-07-04,ESFP16,Piñas,0.0
1979,2024,56,7,2024-07-04,ESFP16,Flores,0.0
1980,2024,56,7,2024-07-04,ESFP16,Heces,1.09
1981,2024,56,7,2024-07-04,ESFP16,Otros,0.0
